961958215943520258,Fri Feb 09 13:41:25 +0000 2018,802465166663159808,mare,en,tl
961958215964508160,Fri Feb 09 13:41:25 +0000 2018,742475077166342144,å¤§åæ¯äºº@ã‚¢ã‚ºãƒ¬ãƒ³ã¯ã˜ã‚ã¾ã—ãŸ,en,ja
961958215947714565,Fri Feb 09 13:41:25 +0000 2018,734047739051286528,6000 à¹à¸–à¸§A à¹à¸–à¸§B à¹‚à¸‹à¸™à¹„à¸«à¸™à¸à¹‰à¹„à¸”à¹‰ à¸­à¸±à¸à¸­à¸¢à¹ˆà¸²à¹€à¸à¸´à¸™ 15kà¸™à¹‰à¸°,th,th
961958215951925249,Fri Feb 09 13:41:25 +0000 2018,906759900100886528,ì€í•˜ ğŸ°,ja,ja
961958215943516160,Fri Feb 09 13:41:25 +0000 2018,3823193954,ã•ã¤ãã•ã‚“âœ²ã‚„ã‚ˆã„ã•ã‚“,ja,ja
961958215977074688,Fri Feb 09 13:41:25 +0000 2018,939664440873455616,$$$å €åŒ—çœŸå¸Œ$$$,ja,ja
961958215964491776,Fri Feb 09 13:41:25 +0000 2018,890485455396810752,Kyle Star,en,en
961958215947710465,Fri Feb 09 13:41:25 +0000 2018,961600023581442049,ãƒ”ã‚±(ã‚¤ãƒ¡ã‚ºå¢),ja,ja
961958215968681985,Fri Feb 09 13:41:25 +0000 2018,766868769012486144,æ±ºæ„ã§æº€ãŸã•ã‚Œã‚‹BOT,ja,ja
961958215977025536,Fri Feb 09 13:41:25 +0000 2018,819799184576393216,ìí•˜ë¦¬,ko,ko
961958215943467009,Fri Feb 09 13:41:25 +0000 2018,291078633,Moira,en,en
961958215972892673,Fri Feb 09 13:41:25 +0000 2018,960159294653022209,ë±Œ,ko,ko
961958215956049921,Fri Feb 09 13:41:25 +0000 2018,3035558192,ğŸ¼,ko,ko
961958215977062400,Fri Feb 09 13:41:25 +0000 2018,1101437724,reiziiiiinï¼ å®Ÿæ³,ja,ja
961958215977091072,Fri Feb 09 13:41:25 +0000 2018,903386887561240576,[200ê´„ ê°ì‚¬í•¨ë‹¤!!]ë·”ì—ì –ì€ì¿ í‚¤,ko,ko
961958215981268993,Fri Feb 09 13:41:25 +0000 2018,238284524,ã‚¹ãƒ›ãƒ’ãƒ§ãƒ³,zh-cn,ko
961958215956103168,Fri Feb 09 13:41:25 +0000 2018,2809169184,AD,ja,ja
961958215972921344,Fri Feb 09 13:41:25 +0000 2018,170249592,à¸ˆà¸°à¹€à¸šà¸·à¹ˆà¸­drugdeve à¸ˆà¸™à¹€à¸£à¸µà¸¢à¸™à¸ˆà¸š,en,th
961958215943639040,Fri Feb 09 13:41:25 +0000 2018,903259591999451138,Neti L ğŸŒ¸,pt,pt
961958215951904768,Fri Feb 09 13:41:25 +0000 2018,359647386,ãƒ‹ã‚´ãƒ­ãƒ´ãƒŠï¼ˆæ·¡æ°´é­šï¼‰,ja,ja
961958215981436928,Fri Feb 09 13:41:25 +0000 2018,3836990715,Linda Ackerman,en,en
961958215968636928,Fri Feb 09 13:41:25 +0000 2018,950354534689198082,ì‹œ  ì˜¨,ko,ko
961958215964659714,Fri Feb 09 13:41:25 +0000 2018,774453017689063424,ğ“¡ğ“®ğ“² âŠ¹,en,tl
961958215968673793,Fri Feb 09 13:41:25 +0000 2018,3252263568,n,en,tl
961958215977062401,Fri Feb 09 13:41:25 +0000 2018,452566346,bei5000,en,in
961958215943520257,Fri Feb 09 13:41:25 +0000 2018,2730849080,E.YUUMA18,ja,en
961958215977242625,Fri Feb 09 13:41:25 +0000 2018,779612395090153472,dianysÂ®,fr,en
961958215972921345,Fri Feb 09 13:41:25 +0000 2018,4885821871,chanat_may,th,und
961958215972990982,Fri Feb 09 13:41:25 +0000 2018,938320669061902338,ğŸ‡¹ğŸ‡·â°SÃœKÃ›T_U VUSLAT â°ğŸ‡¹ğŸ‡·RT2,tr,tr
961958215952011265,Fri Feb 09 13:41:25 +0000 2018,756277729574748160,potate o'head,en,en
961958215972982784,Fri Feb 09 13:41:25 +0000 2018,2514535255,Ø¨Ù†Øª Ø§Ø¨ÙˆÙŠ,en,ar
961958215956271106,Fri Feb 09 13:41:25 +0000 2018,62890395,Ander Izagirre,es,es
961958215981391872,Fri Feb 09 13:41:25 +0000 2018,2274977298,TQ-GermanğŸ‡¦ğŸ‡·,es,es
961958215981391874,Fri Feb 09 13:41:25 +0000 2018,916333617445527553,Anderson Vieira,pt,pt
961958215972868096,Fri Feb 09 13:41:25 +0000 2018,764349683355361280,í™”ì´íŠ¸,ko,ko
961958215968845826,Fri Feb 09 13:41:25 +0000 2018,858265123156250624,ç›¸äº’100ï¼…@DMM,ja,ja
961958215968632833,Fri Feb 09 13:41:25 +0000 2018,2695767181,ì²«ëˆˆ,ko,ko
961958215981391873,Fri Feb 09 13:41:25 +0000 2018,2669983818,Test Account1,en,pt
961958215977021440,Fri Feb 09 13:41:25 +0000 2018,587256696,mm,th,th
961958215972831232,Fri Feb 09 13:41:25 +0000 2018,2797244593,Happiness virus[à¸ªà¸ à¸²],th,th
961958215952060417,Fri Feb 09 13:41:25 +0000 2018,834484580816138240,Sani-Chem Cleaning,en,en
961958215981457409,Fri Feb 09 13:41:25 +0000 2018,3958644672,Wendy,en,en
961958215973003264,Fri Feb 09 13:41:25 +0000 2018,2559329762,× ×™×§×™,en,iw
961958215981457408,Fri Feb 09 13:41:25 +0000 2018,211190303,NusretÃ–zgÃ¼l,tr,tr
961958215956287489,Fri Feb 09 13:41:25 +0000 2018,240295565,Jadra,en,und
961958215981420544,Fri Feb 09 13:41:25 +0000 2018,18949973,RobertvanL,en,en
961958215964557312,Fri Feb 09 13:41:25 +0000 2018,956621983621492741,Audentes Iuvat Fortuna,en-gb,en
961958215951974400,Fri Feb 09 13:41:25 +0000 2018,913098715606302720,querendon,es,pt
961958215973048320,Fri Feb 09 13:41:25 +0000 2018,953934645388890112,thea queen.,nl,en
961958215981379587,Fri Feb 09 13:41:25 +0000 2018,746183470225862656,íƒœë¦¬ì˜¨ ğŸ’,vi,ko
961958215956205568,Fri Feb 09 13:41:25 +0000 2018,187809692,jbk_derry,en,in
961958211749232643,Fri Feb 09 13:41:24 +0000 2018,959022772746780675,Aprilcen,zh-CN,en
961958215981334528,Fri Feb 09 13:41:25 +0000 2018,960957645564858369,M@rty,it,it
961958211749376000,Fri Feb 09 13:41:24 +0000 2018,4008204761,LeadingWithPassionâ„¢,fi,en
961958220175568897,Fri Feb 09 13:41:26 +0000 2018,893639247667765249,ç—´å¥³,ja,ja
961958220154548224,Fri Feb 09 13:41:26 +0000 2018,2899970898,ã¬ã¾,ja,ja
961958220137811969,Fri Feb 09 13:41:26 +0000 2018,56888119,ãŸãªã°,ja,ja
961958220154597377,Fri Feb 09 13:41:26 +0000 2018,585569864,ã—ã‚ƒã“ï¼Šå…¨ç©ºæ±5ã‚13b,ja,ja
961958220146208770,Fri Feb 09 13:41:26 +0000 2018,941604477378818049,TEAMë¯¼í™˜ğŸŒ»ğŸ‘‘,th,th
961958220171378689,Fri Feb 09 13:41:26 +0000 2018,2345336598,â˜…å›ã¯ãªãœNo.1ã«ãªã‚ŠãŸã„ã®ã‹â˜…,ja,ja
961958220167135234,Fri Feb 09 13:41:26 +0000 2018,1041551532,ã‚†ï½ãŸã‚,ja,ja
961958220167180288,Fri Feb 09 13:41:26 +0000 2018,872600735833128961,py_â€¢ğŸ’™â€¢,en,th
961958220154597378,Fri Feb 09 13:41:26 +0000 2018,1459558309,å®®ä¸€,ja,ja
961958220154642433,Fri Feb 09 13:41:26 +0000 2018,871723460938022912,â˜…â˜†ç›¸äº’ãƒ•ã‚©ãƒ­ãƒ¼â˜†â˜…,ja,ja
961958220150448129,Fri Feb 09 13:41:26 +0000 2018,3188379234,ğŸ¥€,en,tl
961958220163031040,Fri Feb 09 13:41:26 +0000 2018,871362431339053057,ë‚˜ë‚˜ì½”ğŸ¶ê³µì°¬,ja,ja
961958220158783488,Fri Feb 09 13:41:26 +0000 2018,2350234249,âš¡ì³°ì°¡ì°¡'w'âš¡,ko,ko
961958220137775104,Fri Feb 09 13:41:26 +0000 2018,735426318343409664,ã‹ã‚‚ã®ã¯ã—ğŸ²ğŸ”¥,ja,ja
961958220142034945,Fri Feb 09 13:41:26 +0000 2018,1566987236,TMPSTãã‚“bot,ja,ja
961958220171390976,Fri Feb 09 13:41:26 +0000 2018,265285225,ãŸã¾ã£ã@ç¥TBæ–°ã‚·ãƒªãƒ¼ã‚º,ja,ja
961958220137889792,Fri Feb 09 13:41:26 +0000 2018,1493996820,Adrian,es,es
961958220146208769,Fri Feb 09 13:41:26 +0000 2018,81337023,é¦™æœˆãƒã‚ªãƒ³,ja,ja
961958220171329538,Fri Feb 09 13:41:26 +0000 2018,876466602014670848,ãŠã¦ã¦ãµã‹ãµã‹ã«ã‚ƒã‚“ã«ã‚ƒã‚“ãƒ¢ã‚«ã‚·ãƒ­ãƒƒãƒ—,ja,ja
961958220167131141,Fri Feb 09 13:41:26 +0000 2018,949925004702986240,ğŸ¬ì„œí•˜ì¹­ ì±„ê³ ğŸ¬ğŸ­ë¦¬ë§ˆğŸ­,ko,ko
961958220158783489,Fri Feb 09 13:41:26 +0000 2018,1915995499,âœ¨ğŸ’˜ë°±ì§€ğŸ’˜âœ¨,ko,ko
961958220175519746,Fri Feb 09 13:41:26 +0000 2018,1630349612,ğ“ğ’¶ğ“‡ğ’¶,en,und
961958220141965313,Fri Feb 09 13:41:26 +0000 2018,783098807932248064,â™¤ã›ã‚‹ã‹ã€‚,ja,ja
961958220175589376,Fri Feb 09 13:41:26 +0000 2018,141105039,nettetomacruzğŸ™,en,tl
961958220167172096,Fri Feb 09 13:41:26 +0000 2018,918800874645856256,éš†ä¸€,ja,ja
961958220154597379,Fri Feb 09 13:41:26 +0000 2018,923459838406926336,kyilay,en,en
961958220154658822,Fri Feb 09 13:41:26 +0000 2018,903888289198780416,ã‚Šã‚…ã†ã›ã„,ja,ja
961958220171436032,Fri Feb 09 13:41:26 +0000 2018,526900858,ãƒãƒ§ã‚³ãƒ,zh-TW,und
961958220162990080,Fri Feb 09 13:41:26 +0000 2018,702506057638105088,anna collins,en,und
961958220154548225,Fri Feb 09 13:41:26 +0000 2018,777401834474307584,à¸¡à¸µà¸«à¸¥à¸±à¸§à¸­à¸¢à¸¹à¹ˆà¸«à¸¥à¸²à¸¢à¸”à¹‰à¸­à¸¡à¸„à¹ˆà¸°,en,ko
961958220163031042,Fri Feb 09 13:41:26 +0000 2018,833664637941927936,Ying,en,en
961958220154658816,Fri Feb 09 13:41:26 +0000 2018,956635617739251712,SachiğŸ’–,en,ja
961958220142206976,Fri Feb 09 13:41:26 +0000 2018,379094123,angela ğŸ¦,es,es
961958220150566912,Fri Feb 09 13:41:26 +0000 2018,868479315733827588,rÄ.,ar,ar
961958220137840641,Fri Feb 09 13:41:26 +0000 2018,919904765336621057,Ë¢áµëšœëšœá´´á´¼,ko,ko
961958220154642432,Fri Feb 09 13:41:26 +0000 2018,4287970574,é®­é”ã®æ²ˆé»™,ja,ja
961958220137811968,Fri Feb 09 13:41:26 +0000 2018,1913502684,ë°¤,ko,ko
961958220171444224,Fri Feb 09 13:41:26 +0000 2018,782964399069884417,lilBiTğŸ–¤ğŸ’—,en,en
961958220175691776,Fri Feb 09 13:41:26 +0000 2018,2670786494,Gillian Scott,en,en
961958220142006272,Fri Feb 09 13:41:26 +0000 2018,713236658099847168,å¾¡é¥…é ­å·¥å ´é•·,en,ja
961958220175572992,Fri Feb 09 13:41:26 +0000 2018,15662714,K,en,en
961958220150394882,Fri Feb 09 13:41:26 +0000 2018,2532516679,â„ê²¨ìš¸ì€â„,ko,ko
961958220175622145,Fri Feb 09 13:41:26 +0000 2018,960902267263098880,à¸™à¸±à¸”à¹€à¸ªà¸µà¸¢à¸§à¹€à¸Šà¸µà¸¢à¸‡à¹ƒà¸«à¸¡à¹ˆ,th,und
961958220146159616,Fri Feb 09 13:41:26 +0000 2018,925733611847933953,ãµã¶ã@ã˜ã‚“ã‚¯ãƒ©@ãƒ†ã‚ªãƒ•ã‚¡ãƒŸ@å¹¸ã›è€…,ja,ja
961958220163055616,Fri Feb 09 13:41:26 +0000 2018,69274934,Jibs,en,en
961958220154601472,Fri Feb 09 13:41:26 +0000 2018,766522998828376064,JUNE ğŸ—,ko,ko
961958220163006466,Fri Feb 09 13:41:26 +0000 2018,959979301822119936,haehae,en,tl
961958220163174400,Fri Feb 09 13:41:26 +0000 2018,154108843,POP SKIN,ko,ko
961958220175732736,Fri Feb 09 13:41:26 +0000 2018,763925441237221377,@karlcharx ğŸ’–s mein kampf,en,und
961958220146364416,Fri Feb 09 13:41:26 +0000 2018,930926551,GermÃ¡n CÃ¡rdenas,en,en
961958220158791680,Fri Feb 09 13:41:26 +0000 2018,1383522186,â„ìŠˆìŠìŠ˜â„,ko,ko
961958220167286784,Fri Feb 09 13:41:26 +0000 2018,1569640286,julia,pt,pt
961958220142129153,Fri Feb 09 13:41:26 +0000 2018,849119790966996992,Nat,en,en
961958220154667009,Fri Feb 09 13:41:26 +0000 2018,961933218084728834,ğŸ’›adnanğŸ’›,ar,und
961958220175638528,Fri Feb 09 13:41:26 +0000 2018,2232043023,Deb,en,en
961958220175695874,Fri Feb 09 13:41:26 +0000 2018,726157470461218816,alcesmoose 87%,de,de
961958220137947136,Fri Feb 09 13:41:26 +0000 2018,338082675,Marcelline the ass eating vampire queen,en,en
961958220146315264,Fri Feb 09 13:41:26 +0000 2018,2813932890,angie,en,en
961958220171436033,Fri Feb 09 13:41:26 +0000 2018,877423141680668672,ì˜ìŠ¤ìœ—í•´ì˜¹~ğŸ’•,ko,ko
961958220142186496,Fri Feb 09 13:41:26 +0000 2018,762727572551634945,Melzinha,pt,und
961958220150575104,Fri Feb 09 13:41:26 +0000 2018,293750330,Nicola Difino,it,it
961958220146323457,Fri Feb 09 13:41:26 +0000 2018,2390405510,Ricardo Ahuath,es,und
961958220146262016,Fri Feb 09 13:41:26 +0000 2018,845925112897421312,Roar in Maguire,ja,ja
961958220142186497,Fri Feb 09 13:41:26 +0000 2018,2359733991,Sultan-,ar,en
961958220146315265,Fri Feb 09 13:41:26 +0000 2018,3384640557,JKO Ğ² ĞºĞ¾Ñ€Ğ¾Ğ»ĞµĞ²ÑÑ‚Ğ²Ğµ ĞœĞ¸Ğ½,ru,ru
961958224369926144,Fri Feb 09 13:41:27 +0000 2018,858835348188737536,Luis Curtis,es,es
961958224357289984,Fri Feb 09 13:41:27 +0000 2018,2716951537,nick1,ko,ko
961958224348905473,Fri Feb 09 13:41:27 +0000 2018,936132969277792257,æ–°äººã‚¹ã‚¿ãƒƒãƒ•ã‚†ã‚†ã›,ja,ja
961958224361439233,Fri Feb 09 13:41:27 +0000 2018,958253257272389632,ğŸ’œã¿ã£ã¡ã‚ƒğŸ’™,ja,ja
961958224369876992,Fri Feb 09 13:41:27 +0000 2018,141585867,ãŠãƒ¼ã¡ã‚ƒã‚“,ja,ja
961958224348954624,Fri Feb 09 13:41:27 +0000 2018,2562417186,zackary,en,en
961958224361435136,Fri Feb 09 13:41:27 +0000 2018,961950087873089536,Lesley Allen,en,en
961958224353112065,Fri Feb 09 13:41:27 +0000 2018,882787199938306048,ë¯¸ìš”,ko,und
961958224369934336,Fri Feb 09 13:41:27 +0000 2018,728851738602561536,èŠåœ°æå¥ˆ,ja,ja
961958224336318464,Fri Feb 09 13:41:27 +0000 2018,4146844398,ğŸŒ¸ê°€ì¡±ê²Œì„ğŸŒ¸ ê°™ì´ ë´ì¤˜~!~! ğŸ‘ë‹ˆí† ğŸ‘,ko,ko
961958224344727552,Fri Feb 09 13:41:27 +0000 2018,956426100552351745,swapnil,en,en
961958224348921857,Fri Feb 09 13:41:27 +0000 2018,3278280636,PowerOfEvil,ja,ja
961958224357306368,Fri Feb 09 13:41:27 +0000 2018,820212508958945281,[ê¸€ì»¤ë¯¸ì…˜] ğŸ·ê±´ë°©ì§„ ì£ìŠˆ ì—ìŠ¤ğŸ”¥â„,ko,ko
961958224353112064,Fri Feb 09 13:41:27 +0000 2018,983975330,æ­è¼”,ja,ja
961958224348905472,Fri Feb 09 13:41:27 +0000 2018,871712846949658625,ìŠ¤í¬ì™•,ko,ko
961958224332185601,Fri Feb 09 13:41:27 +0000 2018,447227255,âš“ğŸ’Esteban_1905ğŸ’âš“,es,es
961958224340705281,Fri Feb 09 13:41:27 +0000 2018,2275165728,Deerfield Library,en,en
961958224353095680,Fri Feb 09 13:41:27 +0000 2018,940862803837116416,ã‚Šã‚Šã¿,ja,ja
961958224340557824,Fri Feb 09 13:41:27 +0000 2018,2549223481,jailbait carl,en,en
961958224369889281,Fri Feb 09 13:41:27 +0000 2018,906403536199544832,Iâ™¡íˆ¬í‘œ,ko,ko
961958224332238848,Fri Feb 09 13:41:27 +0000 2018,4237675228,PS,pt,pt
961958224357404672,Fri Feb 09 13:41:27 +0000 2018,898620812915245056,Ø¹Ø¨Ø¯Ø§Ù„Ø±Ø­Ù…Ù† Ø§Ù„ÙŠÙ…Ø§Ù†ÙŠ,ar,ar
961958224349028353,Fri Feb 09 13:41:27 +0000 2018,934527989978685440,RJ,en,en
961958224353259520,Fri Feb 09 13:41:27 +0000 2018,25310297,JPpatriot,en,en
961958224353251329,Fri Feb 09 13:41:27 +0000 2018,4271230696,Emad Abdelhamed,ar,ar
961958224340582402,Fri Feb 09 13:41:27 +0000 2018,944912103680434176,Nere Rodriguezâ´,es,und
961958224340684800,Fri Feb 09 13:41:27 +0000 2018,449190133,TUDO BBB18,pt,pt
961958224336482304,Fri Feb 09 13:41:27 +0000 2018,197294728,Carla,es,es
961958224365867009,Fri Feb 09 13:41:27 +0000 2018,807268082788040704,Jaime G Valdez,es,es
961958224353251328,Fri Feb 09 13:41:27 +0000 2018,930907928101642240,Tracy Wray,en,en
961958224332288000,Fri Feb 09 13:41:27 +0000 2018,619516056,Sue,en,en
961958224344899584,Fri Feb 09 13:41:27 +0000 2018,817870390471102465,Joan Jones,en,en
961958224357478401,Fri Feb 09 13:41:27 +0000 2018,750235643683287040,lokol.com Kingston,en,en
961958224340627457,Fri Feb 09 13:41:27 +0000 2018,2604196310,Ø·Ø±Ø¨Ø§Ù†ğŸ¼,en,ar
961958224365793280,Fri Feb 09 13:41:27 +0000 2018,176638461,lil lulu,en,en
961958224361476096,Fri Feb 09 13:41:27 +0000 2018,781699239260729347,ã‚«ã‚·ã‚¹,ja,ja
961958228547444736,Fri Feb 09 13:41:28 +0000 2018,849706013372497920,elle,ja,ja
961958228560044032,Fri Feb 09 13:41:28 +0000 2018,958346032831606784,íŒŒë¼íŒœ,ko,ko
961958228534820864,Fri Feb 09 13:41:28 +0000 2018,226842721,ãƒãƒ³ãƒˆãƒªâ˜…,ko,ko
961958228530626561,Fri Feb 09 13:41:28 +0000 2018,98543872,åŠ è³€ç¾ï¾€ï¾ï½²ï¾‘âˆï¾†ï½¬ï¾à¸…æ¯å±±æ°´@æä»éœœâœµ,ja,ja
961958228564230145,Fri Feb 09 13:41:28 +0000 2018,908609517671157760,Ù„ÙŠÙ„ÙŠ Ø±Ø­Ù…Ù†,en,en
961958228526473216,Fri Feb 09 13:41:28 +0000 2018,902007862326509568,æ¨ªå°¾ ã‚Šãƒã½ã‚€ğŸŠã¯12æ—¥ã‚°ãƒƒã‚ºå‚æˆ¦ğŸ§šğŸ»â€â™€ï¸ï¾…ï¾.ï¾˜ï¾…ã‚‰ã¶ğŸ’“âœŠğŸ»,ja,ja
961958228534878208,Fri Feb 09 13:41:28 +0000 2018,944072364278476800,Faisal Azis,id,in
961958228543221761,Fri Feb 09 13:41:28 +0000 2018,437396715,shibe,en,tl
961958228543250434,Fri Feb 09 13:41:28 +0000 2018,828065293041668096,JFB Abeyá¶œÊ³áµ˜á¶¤Ë¢áµ‰,id,in
961958228530573312,Fri Feb 09 13:41:28 +0000 2018,772268560810770432,êµ¬ë£¨ë£©,ko,und
961958228547399682,Fri Feb 09 13:41:28 +0000 2018,802939448425992194,perlas,en,en
961958228551548928,Fri Feb 09 13:41:28 +0000 2018,2311714320,saco-honeydrops-,ja,ja
961958228539064325,Fri Feb 09 13:41:28 +0000 2018,3927930793,~,en,en
961958228530675712,Fri Feb 09 13:41:28 +0000 2018,1960867670,ì‚¬ë¦¬í¬ì½”,ko,ja
961958228564197377,Fri Feb 09 13:41:28 +0000 2018,926437634695602176,Z A R N A I Hâ£,en,en
961958228534837249,Fri Feb 09 13:41:28 +0000 2018,948346823160225792,ã½,ja,ja
961958228526383104,Fri Feb 09 13:41:28 +0000 2018,305617390,ã˜ã‚ƒã“@äºŒæ¬¡å…ƒé–¢ä¿‚ã¯åˆ¥å¢ã¸,ja,ja
961958228564230144,Fri Feb 09 13:41:28 +0000 2018,886913806584107008,ç›¸è‘‰é›…ç´€@ç›¸äº’100ï¼…,ja,ja
961958228555849728,Fri Feb 09 13:41:28 +0000 2018,857117579751686145,Reinhard.,en,in
961958228547506177,Fri Feb 09 13:41:28 +0000 2018,2286340924,NÃºmero 18,pt,pt
961958228543311873,Fri Feb 09 13:41:28 +0000 2018,3077225308,VictÃ³riaâœ¨,pt,pt
961958228547350528,Fri Feb 09 13:41:28 +0000 2018,780688086950813696,ç¿”ãŸã‚“å…ˆç”ŸğŸ’¯,ja,ja
961958228551585792,Fri Feb 09 13:41:28 +0000 2018,113893439,ã®ãã¿ğŸŒŸãŠç–²ã‚Œã«ã‚ƒã‚“ã«ã‚ƒã‚“â™¬,ja,ja
961958228526481408,Fri Feb 09 13:41:28 +0000 2018,864321269617111040,ğŸ’™,ar,ar
961958228564168705,Fri Feb 09 13:41:28 +0000 2018,939732401852268544,ë­˜ë´,ko,ko
961958228530794496,Fri Feb 09 13:41:28 +0000 2018,2470041173,John MartÃ­nez Franco,es,es
961958228547399680,Fri Feb 09 13:41:28 +0000 2018,893822424864636929,à¸à¸´à¹€à¸šà¸¡à¸±à¹ˆà¸¢à¸­à¹ˆà¸­à¸™à¹‚à¸¢à¸™ ~ ğŸ°,th,th
961958228547563521,Fri Feb 09 13:41:28 +0000 2018,2623291025,AlannÃ¡,en,en
961958228547563520,Fri Feb 09 13:41:28 +0000 2018,935184883130957825,Ebu Hasan,tr,tr
961958228530692097,Fri Feb 09 13:41:28 +0000 2018,906076369091788801,Nick Sallee,en,en
961958228555960320,Fri Feb 09 13:41:28 +0000 2018,141141722,My Vacancies,en,en
961958228555976704,Fri Feb 09 13:41:28 +0000 2018,52117380,Laura McLaughlin,en,en
961958228526616576,Fri Feb 09 13:41:28 +0000 2018,700415594181607426,ğŸ§ Ù…ÙØ´Ù‘Ù…ÙØ´Ù‘ ğŸ‡²,en,ar
961958228539133952,Fri Feb 09 13:41:28 +0000 2018,1864567980,eric âš”ï¸,en,en
961958228530614272,Fri Feb 09 13:41:28 +0000 2018,734863591061348352,à¸à¸±à¸„à¸ˆà¸µà¸¡à¸´à¸™à¸®à¸²à¸‹à¸­à¸‡à¸­à¸¸à¸™à¸™à¸¸à¹ˆà¸¡à¸™à¸´à¹ˆà¸¡ğŸ˜,th,th
961958228530749440,Fri Feb 09 13:41:28 +0000 2018,936230419380310016,Ball Boyyyy,en,en
961958228543311872,Fri Feb 09 13:41:28 +0000 2018,2911948640,Ø§Ù„ÙˆØ§ÙŠÙ„ÙŠÙ‡,ar,ar
961958228560089088,Fri Feb 09 13:41:28 +0000 2018,931335601659568129,Yeonpilâ˜€,es,und
961958228564303872,Fri Feb 09 13:41:28 +0000 2018,3005383865,Nick Nicefoot,it,it
961958228526497794,Fri Feb 09 13:41:28 +0000 2018,900024630697758721,ğŸŒ·Ø±Ø²Ø§Ù†ğŸŒ·,ar,ar
961958228555857926,Fri Feb 09 13:41:28 +0000 2018,24887453,Marcus Elliott,en,en
961958228539138050,Fri Feb 09 13:41:28 +0000 2018,4888267876,Jupiter Mining Corp.,en,ro
961958228543361025,Fri Feb 09 13:41:28 +0000 2018,79640339,El Sebacho,es,es
961958228530692098,Fri Feb 09 13:41:28 +0000 2018,21555373,Dr. DÃ¤d ğŸ®,de,de
961958228539031555,Fri Feb 09 13:41:28 +0000 2018,3306557780,ã‚¤ãƒãƒ€ãƒ ã‚¹ã‚¹ãƒ (ä»Šç«‹ é€²),ja,ja
961958228539203585,Fri Feb 09 13:41:28 +0000 2018,548896005,Zabidon es el nombre que tiene esta cuenta.,es,es
961958228564197378,Fri Feb 09 13:41:28 +0000 2018,2873227710,K R B Y,en,und
961958228535005185,Fri Feb 09 13:41:28 +0000 2018,76428108,Weegee,en,en
961958228564332545,Fri Feb 09 13:41:28 +0000 2018,3033800489,D-10 | á´¡á´‡Ê€á´„Éªá´€ â™¡ É´á´‡á´¢á´œ & á´Šá´œÉ´É´Éªá´‡ & á´¡á´É´á´¡á´á´,pl,ko
961958228551757824,Fri Feb 09 13:41:28 +0000 2018,951911943438307329,Jonah Nyaundi,en,en
961958228526600192,Fri Feb 09 13:41:28 +0000 2018,760498458276921347,The Bastard Bourbon,en,en
961958228547399683,Fri Feb 09 13:41:28 +0000 2018,4477856834,ã‚†ãã«ãƒ,ja,ja
961958232724946944,Fri Feb 09 13:41:29 +0000 2018,248056961,ê°ìíƒœíƒœ,ko,en
961958232737529856,Fri Feb 09 13:41:29 +0000 2018,798776917767790592,ìŠ¤ìƒ¤ì‹œ,ko,ko
961958232729182208,Fri Feb 09 13:41:29 +0000 2018,828341382796292096,ãƒ•ã‚§ãƒ©ãƒ«ãƒ‰å¤§ä½ã»ãƒ¼ã‚“âš¤@ã‚«ãƒ³ãƒ•ã‚§æ’²æ»…å§”å“¡é•·,ja,ja
961958232750145536,Fri Feb 09 13:41:29 +0000 2018,827698972403781633,Kana,ja,ja
961958232729141248,Fri Feb 09 13:41:29 +0000 2018,732392557221531648,Gab,en,en
961958232724942848,Fri Feb 09 13:41:29 +0000 2018,1592969130,ãƒªãƒ³@ã¤ã¯ã‚‚ã®ãƒ­ã‚¹,ja,ja
961958232741748736,Fri Feb 09 13:41:29 +0000 2018,722217804791873537,ã—ã‚ƒã©ãƒ¼ã¾ã‚‹ã€‚,ja,ja
961958232720723968,Fri Feb 09 13:41:29 +0000 2018,753402764303020034,æ˜¥ã‹ã‚‰ç†ç§‘å¤§KD,ja,ja
961958232733319168,Fri Feb 09 13:41:29 +0000 2018,2959231351,é»’æŸ´ãŸã‚ã†&ã‘ã‚“ã¡ã‚ƒã‚“,ja,ja
961958232733265921,Fri Feb 09 13:41:29 +0000 2018,107117545,æ²–é‡é»’çŒ«æ´»å‹•ã‚¯ãƒ­ã‚«ãƒ„ã¯ã˜ã¾ã‚Šã¾ã™ï¾Œï¾Œï½¯ï¾‹,ja,ja
961958232729112577,Fri Feb 09 13:41:29 +0000 2018,276512189,éœ§å´ é›ªé‚£@3æœˆ3æ—¥PAMã‚½ãƒ­å‡ºæ¼”,ja,ja
961958232720736256,Fri Feb 09 13:41:29 +0000 2018,953978250983653376,ì•„í™‰ë²ˆì§¸ êµ¬ë¦„,ko,ko
961958232754348033,Fri Feb 09 13:41:29 +0000 2018,806134194,è€ƒãˆã‚‹ã‚«ãƒ¢ã€‚,ja,ja
961958232741654533,Fri Feb 09 13:41:29 +0000 2018,961211600689483776,dilan,id,in
961958232724979713,Fri Feb 09 13:41:29 +0000 2018,958728817903681536,ì¸ íƒœ,ko,ko
961958232750096384,Fri Feb 09 13:41:29 +0000 2018,592563166,danella,en,tl
961958232729112576,Fri Feb 09 13:41:29 +0000 2018,2816546844,[ë©”íŠ¸ì•Œí‹°] ëŒ€ íƒ±Â´-ï¹-`,ko,ko
961958232724946945,Fri Feb 09 13:41:29 +0000 2018,917023397422407680,Meevitingver2,en,und
961958232724881408,Fri Feb 09 13:41:29 +0000 2018,3986005460,ğŸ‘¤,th,th
961958232750084096,Fri Feb 09 13:41:29 +0000 2018,908180459418353664,ğŸ°ğŸ®,ja,und
961958232737562625,Fri Feb 09 13:41:29 +0000 2018,277288631,Harry Potter,en,en
961958232724926464,Fri Feb 09 13:41:29 +0000 2018,888955736713175040,[ê°€ì˜¨ê°€ëŠ”]â£ì§¼ì¨â£,ko,ko
961958232754286593,Fri Feb 09 13:41:29 +0000 2018,493335461,bamidsad,en,und
961958232729071616,Fri Feb 09 13:41:29 +0000 2018,1871143231,ANAND S. J.,en,en
961958232745959424,Fri Feb 09 13:41:29 +0000 2018,3240063271,ã‚¨ãƒ„ã‚³,ja,ja
961958232737665024,Fri Feb 09 13:41:29 +0000 2018,4261776912,hopeful mochi,en,en
961958232750206977,Fri Feb 09 13:41:29 +0000 2018,943731893178159104,CryptokerWalfen,fr,en
961958232754241541,Fri Feb 09 13:41:29 +0000 2018,937673347386638336,ã¿ãâ™‚@ã‚¢ãƒŠãƒ­ã‚°ã‚¤ãƒ©ã‚¹ãƒˆæã„ã¦ã¾ã™,ja,ja
961958232725041152,Fri Feb 09 13:41:29 +0000 2018,947322057481633793,Ramnarayan Sharma,en,hi
961958232725053440,Fri Feb 09 13:41:29 +0000 2018,260160014,Max Dugger ğŸ‘¬ [BTCâš¡LTC],de,en
961958232750264320,Fri Feb 09 13:41:29 +0000 2018,906653336564367360,JaNa,en,ar
961958232733507584,Fri Feb 09 13:41:29 +0000 2018,920283022297063429,Toni Shiloh,en,en
961958232741892096,Fri Feb 09 13:41:29 +0000 2018,1867804080,Camila,pt,pt
961958232754286595,Fri Feb 09 13:41:29 +0000 2018,890401833193095168,å±±ç”°å›£å›£é•·ã®å±±ç”°ãƒ«ãƒŠã ã‚ˆ,ja,ja
961958232754401280,Fri Feb 09 13:41:29 +0000 2018,373651623,JIREN,es,en
961958232746020865,Fri Feb 09 13:41:29 +0000 2018,1511661824,Abualjoory ğŸ•Š,ar,ar
961958232737701888,Fri Feb 09 13:41:29 +0000 2018,955516984594255872,vada carney,en,en
961958232754479111,Fri Feb 09 13:41:29 +0000 2018,712347727364022273,Ø¢ÛŒÙ…ÛŒÙ„Ø§Ú©Ø³,en,fa
961958232737509376,Fri Feb 09 13:41:29 +0000 2018,4848356290,ë°¤ì˜ í¥,ko,ko
961958232754409472,Fri Feb 09 13:41:29 +0000 2018,878761306224029696,milton-855,es,es
961958232729190400,Fri Feb 09 13:41:29 +0000 2018,22888893,Nick Belleman,en,en
961958232750280704,Fri Feb 09 13:41:29 +0000 2018,37169110,Taner Ã–zdeÅŸ,tr,tr
961958232754475008,Fri Feb 09 13:41:29 +0000 2018,4339387523,ğŸ€,pt,pt
961958232758636544,Fri Feb 09 13:41:29 +0000 2018,596253205,najd,ar,ar
961958232733421568,Fri Feb 09 13:41:29 +0000 2018,899788457119285248,Alexa,ru,tr
961958232754302977,Fri Feb 09 13:41:29 +0000 2018,728059580551323648,( BEM ) Francezka Euodia,en,in
961958232725098508,Fri Feb 09 13:41:29 +0000 2018,250107520,Mehmet LÃ¼tfÃ¼ Ã–zdemir,tr,tr
961958232737615872,Fri Feb 09 13:41:29 +0000 2018,1632196008,Tea ğŸŒ‹,en,en
961958232725090305,Fri Feb 09 13:41:29 +0000 2018,850130990706151428,Suze Michelini,en,en
961958232754458629,Fri Feb 09 13:41:29 +0000 2018,2569366984,AndreeağŸ’£,es,en
961958232758550528,Fri Feb 09 13:41:29 +0000 2018,946819261305180160,sAcr,tr,und
961958232724987905,Fri Feb 09 13:41:29 +0000 2018,770602509756796930,ã¡ã‚…ã‚“ãã‚‰,ja,ja
961958232737501185,Fri Feb 09 13:41:29 +0000 2018,721324490144124928,ARUNA,en,und
961958232741810176,Fri Feb 09 13:41:29 +0000 2018,3497155153,Nia æ»´,tr,tr
961958236948611074,Fri Feb 09 13:41:30 +0000 2018,113837878,ã‚‰ã„ã ãƒ¼,en,ja
961958236923428865,Fri Feb 09 13:41:30 +0000 2018,918473688164442112,ì‚¼ìƒ‰í‘¸íŒ¡ì´ì˜ ì´ê³µDNA,ko,en
961958236940206080,Fri Feb 09 13:41:30 +0000 2018,764392581870424064,ä¸­å±±å„ªé¦¬ãƒ»ç›¸äº’ãƒ»æ„›,ja,ja
961958236915081216,Fri Feb 09 13:41:30 +0000 2018,42083276,Jill Adair,en,en
961958236936052736,Fri Feb 09 13:41:30 +0000 2018,710783270430973952,[ì§€ë¦„ë¹ŒëŸ°]ë¨¼ì°Œ ë©ë­‰ë©ë­‰ ì´'ì°Œ'!,ko,ko
961958236944351233,Fri Feb 09 13:41:30 +0000 2018,2658646267,ğŸ«ğŸ’•ãŸã¾ã”ã¾ã”ğŸ«ğŸ’•,ja,ja
961958236927619073,Fri Feb 09 13:41:30 +0000 2018,410185527,10B,ja,ja
961958236919275520,Fri Feb 09 13:41:30 +0000 2018,3278792528,/è‡ªç§°ãƒ»ãˆï½ã˜ã•ã‚“/@ãƒ•ã‚¡ãƒ³ã­ã‚‹(ä»®),ja,ja
961958236931805184,Fri Feb 09 13:41:30 +0000 2018,766816282205302784,å‰é«˜ç”±é‡Œå­â˜†ãƒŸ,ja,ja
961958236948590592,Fri Feb 09 13:41:30 +0000 2018,905046900,Cy,en,en
961958236936069120,Fri Feb 09 13:41:30 +0000 2018,147910679,ã‚Œã‚“,ja,ja
961958236944449541,Fri Feb 09 13:41:30 +0000 2018,389397920,â†’)Ë˜â€¢Ï‰â€¢Ë˜(â†ãƒã‚±ãƒ¢ãƒ³GOå²¡å±±,ja,ja
961958236923445248,Fri Feb 09 13:41:30 +0000 2018,4753228579,à®®à®°à¯à®²à®¿à®©à¯,en,ta
961958236948606976,Fri Feb 09 13:41:30 +0000 2018,908688214122098688,ğŸŒœì–‘ì¼ì½˜ ë‹¤ ê°„ ì €ìŠ¤ë¹„ğŸ˜Œâœ¨ğŸ’•ğŸŒ›,ko,ko
961958236948594688,Fri Feb 09 13:41:30 +0000 2018,112702540,ä¸‰å¥½ã€€æ´‹,ja,ja
961958236948590594,Fri Feb 09 13:41:30 +0000 2018,782841828571619328,shark,en,in
961958236927664134,Fri Feb 09 13:41:30 +0000 2018,711151857343684608,â¤í¬í˜„í‚¹â¤,ko,ko
961958236923428864,Fri Feb 09 13:41:30 +0000 2018,2579702521,ìš±í¬ ìš±í¬ ë„Œ ë‚˜ì˜ ìš±í¬ ìš±í¬ ìš±í¬,en,ko
961958236919185408,Fri Feb 09 13:41:30 +0000 2018,3346444393,ğŸ“ë³€ë”¸ê¸°Ëƒ Ë‚ğŸ“,ko,ko
961958236948635648,Fri Feb 09 13:41:30 +0000 2018,82356007,LR,ja,ja
961958236927623168,Fri Feb 09 13:41:30 +0000 2018,751369083371790336,èŠå’²æœˆã‚¯ãƒ«ã‚·ãƒ¥,ja,ja
961958236935962624,Fri Feb 09 13:41:30 +0000 2018,4190182932,í•˜ë¹„,ko,ko
961958236944441344,Fri Feb 09 13:41:30 +0000 2018,1920512222,Miharu.ğŸ”»2/14å¿ƒæ–æ©‹FootRock&BEERS,ja,ja
961958236923588609,Fri Feb 09 13:41:30 +0000 2018,884921780636397570,A.SğŸ’,es,es
961958236952801281,Fri Feb 09 13:41:30 +0000 2018,82921221,ä¸€ç€¬å¤•@æ“¬äººåŒ–æ±2ãƒ‹27b,ja,ja
961958236936196097,Fri Feb 09 13:41:30 +0000 2018,786949184,diy dahlia (man I sure love crafting!),en,en
961958236931928065,Fri Feb 09 13:41:30 +0000 2018,264400727,MalaFama,es,es
961958236948746240,Fri Feb 09 13:41:30 +0000 2018,1604593916,rafa,pt,pt
961958236936179712,Fri Feb 09 13:41:30 +0000 2018,734745806,lu,fr,fr
961958236915052544,Fri Feb 09 13:41:30 +0000 2018,1284521461,ğŸ˜²ê· ì§¼ì€í–‰â£,ko,ko
961958236931833856,Fri Feb 09 13:41:30 +0000 2018,288577853,Gelel Kalar,en,en
961958236952801280,Fri Feb 09 13:41:30 +0000 2018,2878250778,ì—ì˜¤ë¥´ì œì•„ ë³´ë‚´ì£¼ì„¸ìš” ì—°ì‚¬ ë³´ê³ ì‹¶ì–´ìš”,ko,ko
961958236944523264,Fri Feb 09 13:41:30 +0000 2018,753366326014513153,charitemansanga,fr,fr
961958236944568325,Fri Feb 09 13:41:30 +0000 2018,512423973,Patrick BAILLY,fr,fr
961958236914987008,Fri Feb 09 13:41:30 +0000 2018,713705355587375104,IVë§ˆìŠ¤ë§˜,ko,und
961958236923478016,Fri Feb 09 13:41:30 +0000 2018,2278071312,JustDance Zwartsluis,nl,nl
961958236923531267,Fri Feb 09 13:41:30 +0000 2018,964597543,Ù‚Ø·Ø§Ù Ù…Ù† ØµØ­Ù Ø§Ù„Ø³Ø¹ÙˆØ¯ÙŠØ©,en,ar
961958236923469824,Fri Feb 09 13:41:30 +0000 2018,857226551712038913,junejuneee,th,th
961958236927782912,Fri Feb 09 13:41:30 +0000 2018,2209460478,Jorge Delgado,es,es
961958236923580417,Fri Feb 09 13:41:30 +0000 2018,818378058264625152,Rowan TepesâœŸ,en,en
961958236919422976,Fri Feb 09 13:41:30 +0000 2018,442729838,Ğ¡ÑƒÑˆĞµĞ½ĞºĞ¾Ğ² ĞÑ€Ñ‚ÑƒÑ€,ru,ru
961958236952854530,Fri Feb 09 13:41:30 +0000 2018,173932649,Renata DIRECTOR'S CUT #ACEinBRAZIL,pt,pt
961958236923613184,Fri Feb 09 13:41:30 +0000 2018,865845521608527872,Cassandra,en,und
961958236927619072,Fri Feb 09 13:41:30 +0000 2018,3190919990,â¿®,ja,fi
961958236940365824,Fri Feb 09 13:41:30 +0000 2018,960536788413698049,Olivia Shelnutt,en,en
961958236915224576,Fri Feb 09 13:41:30 +0000 2018,898161074284965888,Brexit Politics,en,en
961958236936130561,Fri Feb 09 13:41:30 +0000 2018,2463102312,DoYouSeeWhatiSee?,en-gb,en
961958236936179713,Fri Feb 09 13:41:30 +0000 2018,32386092,Lori Stokes TV,en,en
961958236952940545,Fri Feb 09 13:41:30 +0000 2018,311593970,RenÃ© DÃ­az Zamora,es,es
961958236952891393,Fri Feb 09 13:41:30 +0000 2018,4275983362,K A T E R I N A,en,ru
961958236915089409,Fri Feb 09 13:41:30 +0000 2018,843115766513713152,ğŸ¦ğŸ¦€ã‚Œãƒ¼ğŸ¦€ğŸ¦,ja,ja
961958236915105792,Fri Feb 09 13:41:30 +0000 2018,937796783769554945,MARIA D S CAMBEIRO,pt,und
961958236952911872,Fri Feb 09 13:41:30 +0000 2018,3180677294,â™›â¶â´,ar,en
961958236931936256,Fri Feb 09 13:41:30 +0000 2018,122361710,H.F.LL.A.,es,es
961958236914987009,Fri Feb 09 13:41:30 +0000 2018,68966263,MirzaR | ãƒŸãƒãƒ£ãƒƒã‚¿,en,en
961958241109291008,Fri Feb 09 13:41:31 +0000 2018,2580591660,ã™ãƒ¼,ja,ja
961958241121878016,Fri Feb 09 13:41:31 +0000 2018,802299799965876224,Astraea âœ¨,en,en
961958241109344256,Fri Feb 09 13:41:31 +0000 2018,114689577,é»’æ¾¤,ja,ja
961958241134497794,Fri Feb 09 13:41:31 +0000 2018,885342504538710017,KB-AMAYA MarkArandia,en,tl
961958241142956033,Fri Feb 09 13:41:31 +0000 2018,815015939762634753,dxafazz,th,th
961958241126133760,Fri Feb 09 13:41:31 +0000 2018,280928867,iâ€™ll buy all bread for jaehyun,en,th
961958241121923073,Fri Feb 09 13:41:31 +0000 2018,883489443151085569,ã‚Šã£ã,ja,ja
961958241113554949,Fri Feb 09 13:41:31 +0000 2018,155577674,ãŠã‚Œã¯ãƒ„ã‚¤ç¦ã‚’ã‚„ã‚ã‚‹ãæ±é¢¨ã‚£ã‚£,ja,ja
961958241130364928,Fri Feb 09 13:41:31 +0000 2018,2324794262,ã¨ã©ï¼ å®¶æ—ï¼•äººãƒãƒ•æ¬¡ã¯ãƒãƒ¬ã‚¤ãƒ™,ja,ja
961958241138692096,Fri Feb 09 13:41:31 +0000 2018,951797298412974080,ì•Œí‹°í•˜ëŠ”ê·€ì—¬ìš´ë‚¨ì£¼ë‹ˆ,ko,tl
961958241134460930,Fri Feb 09 13:41:31 +0000 2018,862705763025682432,ëœ,ko,ko
961958241113595905,Fri Feb 09 13:41:31 +0000 2018,26013388,kaz ğŸ¨ğŸ¤™,en,th
961958241109401602,Fri Feb 09 13:41:31 +0000 2018,946876184180146181,Ğ¤GUdOĞœĞtĞ’Lâ†“â†µâ“Šâœ¡,ko,ko
961958241142898688,Fri Feb 09 13:41:31 +0000 2018,885124741358428160,ì¥¬ì‹ì¿¨,ko,ko
961958241134456833,Fri Feb 09 13:41:31 +0000 2018,943188467915177984,çµµä¹ƒğŸ¾ğŸ¹ğŸ¹,ja,ja
961958241126072320,Fri Feb 09 13:41:31 +0000 2018,816343573238927360,Park Jiyeon,en,in
961958241142915072,Fri Feb 09 13:41:31 +0000 2018,251013099,Laine Mora,en,tl
961958241138716672,Fri Feb 09 13:41:31 +0000 2018,755631818632724480,Melinda â€¢Ì€ã……â€¢Ì,en,en
961958241138716678,Fri Feb 09 13:41:31 +0000 2018,268646315,Mica,en,tl
961958241117679617,Fri Feb 09 13:41:31 +0000 2018,913674316570533888,à¹à¸šà¸¡à¹à¸šà¸¡à¸—à¸µà¹ˆà¹à¸›à¸¥à¸§à¹ˆà¸²à¸ªà¸²à¸¡à¸µ,th,th
961958241130356736,Fri Feb 09 13:41:31 +0000 2018,948199123533971456,ã‚ã„,en,und
961958241134678016,Fri Feb 09 13:41:31 +0000 2018,1954962122,apostrophe S,tr,en
961958241142956032,Fri Feb 09 13:41:31 +0000 2018,928255459630358529,Aid,en,en
961958241147195392,Fri Feb 09 13:41:31 +0000 2018,209052109,Dr. Ben Dover,en,en
961958241117679616,Fri Feb 09 13:41:31 +0000 2018,810180397195632640,ê²€ì€ë°©ê¸°ë°˜ì»¤ì˜¤ë¹„íƒˆì–¸ê¸‰,ko,ko
961958241109454849,Fri Feb 09 13:41:31 +0000 2018,599554988,National Security JA,en,en
961958241143083008,Fri Feb 09 13:41:31 +0000 2018,156490003,GabryÅ¡ka,es,es
961958241147252736,Fri Feb 09 13:41:31 +0000 2018,90654008,Liberty-Rose Kenobi,fr,und
961958241121927170,Fri Feb 09 13:41:31 +0000 2018,4644127328,ì™„ê²°ë‚´ìLaswell,ko,ko
961958241143050240,Fri Feb 09 13:41:31 +0000 2018,3100018568,ØµØ¯Ù‚Ø© Ù„ÙˆØ§Ù„Ø¯ØªÙŠâ¤.,ar,ar
961958241138864128,Fri Feb 09 13:41:31 +0000 2018,1236438476,Adam Murphy,en,en
961958241117835267,Fri Feb 09 13:41:31 +0000 2018,925406848760668161,Gustavo Vieira,pt,pt
961958241138720768,Fri Feb 09 13:41:31 +0000 2018,2360948328,tuu,ko,ko
961958241143050241,Fri Feb 09 13:41:31 +0000 2018,2246413337,Owen Russell,en,en
961958241147142145,Fri Feb 09 13:41:31 +0000 2018,4645527318,345_6789_0000,ja,ja
961958241113661440,Fri Feb 09 13:41:31 +0000 2018,799610335590129664,md m a khan,en,en
961958241117884417,Fri Feb 09 13:41:31 +0000 2018,3222580440,CamiğŸ¥€,es,es
961958241122111488,Fri Feb 09 13:41:31 +0000 2018,701344467731746816,George,en,en
961958241130426368,Fri Feb 09 13:41:31 +0000 2018,2853969869,Vasquitooâš½,es,es
961958241126170624,Fri Feb 09 13:41:31 +0000 2018,815021462767570945,Jerry Hanley,en,en
961958241138827264,Fri Feb 09 13:41:31 +0000 2018,877878156,julia #eloiiiiise,es,es
961958241109528576,Fri Feb 09 13:41:31 +0000 2018,96934736,U N I C O R N ğŸ¦„,en,en
961958241130475520,Fri Feb 09 13:41:31 +0000 2018,723216947391934465,FlÃ¶,de,de
961958241134620672,Fri Feb 09 13:41:31 +0000 2018,842627006571450368,Ajay,en,en
961958241126273024,Fri Feb 09 13:41:31 +0000 2018,2285865822,A Garota do Bar ğŸ»,pt,pt
961958241130418177,Fri Feb 09 13:41:31 +0000 2018,3405129672,Pooh!,en,en
961958241126232064,Fri Feb 09 13:41:31 +0000 2018,863259883,Castilla,es,es
961958241122115584,Fri Feb 09 13:41:31 +0000 2018,102381464,Texas Architect,en,en
961958241138651136,Fri Feb 09 13:41:31 +0000 2018,712222890242879492,à¿„à¿’à¾€à½² CIF*ã‚‚ã¡ã‚´ãƒªğŸ¦,en,ja
961958241117892608,Fri Feb 09 13:41:31 +0000 2018,875071432048377858,the monia,pt,pt
961958245333008384,Fri Feb 09 13:41:32 +0000 2018,362330085,Ø±ÙˆØ­ Ù…ØºÙ„ÙŠÛ,en,ar
961958245324636160,Fri Feb 09 13:41:32 +0000 2018,890932970,à¹ƒà¸šà¸Šà¸à¸² â€ his is love 4ever â¤,th,th
961958245303644160,Fri Feb 09 13:41:32 +0000 2018,710892252,Ramli Leys,en,in
961958245307854848,Fri Feb 09 13:41:32 +0000 2018,875148763412680704,ì‹ ì…ì‚¬ì›,ko,ko
961958245320437760,Fri Feb 09 13:41:32 +0000 2018,957237170661556224,ë¯¼ìœ¤ê¸°ì²œì¬ë‹˜ë‹˜,ko,en
961958245341409280,Fri Feb 09 13:41:32 +0000 2018,2406601614,younga,ko,ko
961958245320413184,Fri Feb 09 13:41:32 +0000 2018,929168942316142593,ã‚­ãƒ£ãƒ©åˆ¶ä½œã—ãŸã„äººã€ãƒ¢ãƒªã‚Šã‚“ã¯æ”¹åã—ã¦ã€Œå¡©æ°—ã®å‡„ã„ãƒ¢ãƒªã‚Šã‚“ã€ã«ãªã£ã¦ã‚¸ãƒ£ãƒƒã‚¸ã«ãªã£ãŸã€‚,ja,ja
961958245312024576,Fri Feb 09 13:41:32 +0000 2018,2556889006,à¸„à¸™à¸«à¸¥à¸‡à¹à¸ˆà¹‡à¸„2018,th,th
961958245341413376,Fri Feb 09 13:41:32 +0000 2018,843446578668957697,í™˜í¬(ë´‡),ja,ja
961958245333024768,Fri Feb 09 13:41:32 +0000 2018,1595642072,ğŸ½,th,th
961958245312086018,Fri Feb 09 13:41:32 +0000 2018,2913024462,ìƒë°˜ê¸°ì—ëŠ” ê³µë¶€í•˜ëŠ” ê¹€ğŸ––ğŸ»ë¬´ìš°,ko,ko
961958245341446146,Fri Feb 09 13:41:32 +0000 2018,833262061748563969,ã‚ã™ã‚Œã¡ããŠ,ja,ja
961958245337202688,Fri Feb 09 13:41:32 +0000 2018,2914301839,ãƒ ãƒ¼,ja,ja
961958245341347842,Fri Feb 09 13:41:32 +0000 2018,1582652516,â˜†ã¡ãƒ¼â˜†æ—¥ç”£3daysâ˜†,ja,ja
961958245312204800,Fri Feb 09 13:41:32 +0000 2018,2232159580,valentin,fr,fr
961958245312032768,Fri Feb 09 13:41:32 +0000 2018,801715029032595457,KOHAN C. #IdolProducer,th,und
961958245341446144,Fri Feb 09 13:41:32 +0000 2018,706167337871757312,ì‹œë¬´Rookí•œ ì¼ë‹˜,ko,ko
961958245332959232,Fri Feb 09 13:41:32 +0000 2018,213325781,â€¢TANGâ€¢ Onsen ni hairu,en,th
961958245312159744,Fri Feb 09 13:41:32 +0000 2018,340771891,Questions Many,en,en
961958245332959238,Fri Feb 09 13:41:32 +0000 2018,3039239808,à¸‡à¸‡à¹ƒà¸«à¸¡à¸‡à¸‡,th,und
961958245320544256,Fri Feb 09 13:41:32 +0000 2018,3119066164,MÎ›VIS,fr,fr
961958245328982017,Fri Feb 09 13:41:32 +0000 2018,1429019300,Ø¨Ù‘Ø­Ù‹Ø© ÙˆÙÙ„Û‚,ar,ar
961958245312221184,Fri Feb 09 13:41:32 +0000 2018,620524566,Å¼,en,en
961958245303750657,Fri Feb 09 13:41:32 +0000 2018,336340798,moon,en,en
961958245312049152,Fri Feb 09 13:41:32 +0000 2018,825583148,nurillyanajwa,en,in
961958245312139264,Fri Feb 09 13:41:32 +0000 2018,830062577883373573,à¸ªà¸²à¸¢à¸à¸™à¸‚à¸­à¸‡à¸„à¸§à¸²à¸™à¸¥à¸´à¸™ğŸŒ§,th,th
961958245328871425,Fri Feb 09 13:41:32 +0000 2018,800315226323173376,ZÅ‚oÅ›liwy swag ninja (: / HIXTAPE IS NEAR,pl,en
961958245328965633,Fri Feb 09 13:41:32 +0000 2018,602311940,Sweet Mary's Bakery,en,en
961958245320372224,Fri Feb 09 13:41:32 +0000 2018,758682160169492480,Mook Dawan,th,th
961958245324787712,Fri Feb 09 13:41:32 +0000 2018,861128402828505088,ÙŠØ§Ø³Ø± Ø­ÙˆØ§Ø³,ar,ar
961958245316354048,Fri Feb 09 13:41:32 +0000 2018,2932761399,Marisa,es,es
961958245320491009,Fri Feb 09 13:41:32 +0000 2018,4488173735,Cooper Daniels,en,und
961958245341396992,Fri Feb 09 13:41:32 +0000 2018,924981915324575744,ë¼    ìğŸ€,ko,ko
961958245328965632,Fri Feb 09 13:41:32 +0000 2018,933597735449542656,ã‚«ãƒ—ãƒªã‚“ ãã®2,ja,ja
961958245320491008,Fri Feb 09 13:41:32 +0000 2018,946162874174623744,D U M B,pt,en
961958245328916480,Fri Feb 09 13:41:32 +0000 2018,2844022715,L (A),pt,en
961958245320577024,Fri Feb 09 13:41:32 +0000 2018,2785718789,Liz Quezada,es,en
961958245324570624,Fri Feb 09 13:41:32 +0000 2018,952930401802059776,Ronnie #ReleaseTheMemoâš¡ï¸,en,en
961958245308030982,Fri Feb 09 13:41:32 +0000 2018,277064330,Holly Charles,en,en
961958245308030976,Fri Feb 09 13:41:32 +0000 2018,2348471633,MAXWELL,fr,fr
961958245328879617,Fri Feb 09 13:41:32 +0000 2018,4113237087,Mama Olesego,en,en
961958245328879616,Fri Feb 09 13:41:32 +0000 2018,636339305,mire â™¡ yoongi,es,es
961958245312225280,Fri Feb 09 13:41:32 +0000 2018,792068862229549056,Ø¯ÙŠØ¬Ø§,fr,ar
961958245341499392,Fri Feb 09 13:41:32 +0000 2018,1725895849,FiTa,en,en
961958245303635973,Fri Feb 09 13:41:32 +0000 2018,1220872736,Kimchion,en,en
961958245312155648,Fri Feb 09 13:41:32 +0000 2018,4040318471,Ayssa_Silvia,pt,pt
961958245341556736,Fri Feb 09 13:41:32 +0000 2018,703257154606800896,take it easy but take it,en,en
961958245328936961,Fri Feb 09 13:41:32 +0000 2018,3827020635,Juliaâ„ï¸,en,en
961958245337391106,Fri Feb 09 13:41:32 +0000 2018,353068718,steph-en universe,fr,en
961958245324570625,Fri Feb 09 13:41:32 +0000 2018,754209424416178176,Annalise Keating,en,und
961958245316218880,Fri Feb 09 13:41:32 +0000 2018,777399345171660800,é‡Œå¸†,ja,ja
961958249531457536,Fri Feb 09 13:41:33 +0000 2018,924589228884836352,Lâ€¦â€¦,ja,ja
961958249510481920,Fri Feb 09 13:41:33 +0000 2018,914382927265280000,ç‘ç¨€,ja,ja
961958249502203914,Fri Feb 09 13:41:33 +0000 2018,914252354962169856,JOy,en,tl
961958249506291714,Fri Feb 09 13:41:33 +0000 2018,3223967664,ã‚¦ã‚µã‚®ä¸¸Â®,ja,ja
961958249497899008,Fri Feb 09 13:41:33 +0000 2018,941211401330204672,lily,en,en
961958249527328768,Fri Feb 09 13:41:33 +0000 2018,302705067,è¯éº—ãªã‚‹é€†è¥²ğŸ–‡ã‚‚ãšã,ja,ja
961958249497952257,Fri Feb 09 13:41:33 +0000 2018,2888803256,â€¢ Â°â˜†ğŸ”¥â˜†Â° â€¢,en,en
961958249514729472,Fri Feb 09 13:41:33 +0000 2018,4439764584,å±±ç”°ã‚‚ã‚‚å­,ja,und
961958249506381824,Fri Feb 09 13:41:33 +0000 2018,3183783241,Love Is TAEKOOK,en,th
961958249510551553,Fri Feb 09 13:41:33 +0000 2018,948388161968775168,Love is BTS,ko,in
961958249497993216,Fri Feb 09 13:41:33 +0000 2018,942709199007498240,Ø¸Ø±ÙŠÙ,en,et
961958249527328769,Fri Feb 09 13:41:33 +0000 2018,2434921290,à¹€à¸‚à¸´à¸‡à¸‡à¸‡à¸‡à¸‡,th,th
961958249518981121,Fri Feb 09 13:41:33 +0000 2018,1116315049,å°æ—¥å‘çµè¡£,ja,ja
961958249514676224,Fri Feb 09 13:41:33 +0000 2018,2360907751,Coba Jawab Gue,en,in
961958249510486016,Fri Feb 09 13:41:33 +0000 2018,120409773,Ww.852ğŸ¦‹,en,th
961958249510592513,Fri Feb 09 13:41:33 +0000 2018,1425740089,ã…ˆrëª½,ko,ko
961958249510592512,Fri Feb 09 13:41:33 +0000 2018,1661307050,ìœ ì„±ìš°ğŸŒŒ,ko,ko
961958249502142464,Fri Feb 09 13:41:33 +0000 2018,3511500553,à¸™à¹‰à¸­à¸‡à¸«à¸™à¸¹à¸™à¸±à¸¡à¸¡à¸·à¸­à¸™à¸´à¹ˆà¸¡à¸¡à¸²à¸ft.à¹‚à¸”à¸™à¸™à¸´à¸§à¸­à¸µà¸ªà¸‹à¸·à¹‰à¸­à¹„à¸›à¹à¸¥à¹‰à¸§à¸§à¸§,th,th
961958249514741766,Fri Feb 09 13:41:33 +0000 2018,1159690322,ç¾ æ³¢,ja,ja
961958249523113990,Fri Feb 09 13:41:33 +0000 2018,2963508146,RONY RILDA,id,in
961958249506291712,Fri Feb 09 13:41:33 +0000 2018,898500069690818560,â– è¥¿å†…ã¾ã‚Šã‚„,ja,ja
961958249531518977,Fri Feb 09 13:41:33 +0000 2018,748663446,ãƒ¦ãƒƒã‚­ãƒ¼@å›é€†è–æ¯æˆ¦äº‰,ja,ja
961958249518936064,Fri Feb 09 13:41:33 +0000 2018,3070786226,äº”ååµ,ja,ja
961958249510658049,Fri Feb 09 13:41:33 +0000 2018,866768175794339841,emily anderson,en,en
961958249506398208,Fri Feb 09 13:41:33 +0000 2018,949243227122450432,ì‚¬ì¿ ë§ˆ ë¡œì´,ko,ko
961958249502187521,Fri Feb 09 13:41:33 +0000 2018,69991772,ãªã™ (å¤©ã·ã‚‰),ja,ja
961958249518919680,Fri Feb 09 13:41:33 +0000 2018,721618024206176256,ãƒ‘ãƒ³ãƒŠã‚³ãƒƒã‚¿,ja,ja
961958249523134464,Fri Feb 09 13:41:33 +0000 2018,2893547850,ì— ë¼ë¦¬ì¤ë‡ŒğŸ¶ğŸ¦Šë¼ê³¤(ë³¸ì²´)ğŸ®ğŸï¸ì˜¤ë ˆììŠ¤,ko,ko
961958249535823873,Fri Feb 09 13:41:33 +0000 2018,2748156934,g.og,tr,tr
961958249514786816,Fri Feb 09 13:41:33 +0000 2018,2917389421,ç‹­å±±,ja,ja
961958249518964736,Fri Feb 09 13:41:33 +0000 2018,802794512753905664,Jennifer,en,en
961958249527431169,Fri Feb 09 13:41:33 +0000 2018,3187840024,sheiâ˜†,pt,en
961958249497968640,Fri Feb 09 13:41:33 +0000 2018,919164541644050432,breathjin,ko,ko
961958249519075328,Fri Feb 09 13:41:33 +0000 2018,959488435835850754,âœ¨ÙÙ€~Ù€ÙŠÙ€~Ù€ÙˆÙ†Ù€~Ù€ÙƒÙ€~Ù€Ø©,ar,ar
961958249527361536,Fri Feb 09 13:41:33 +0000 2018,850019655586422784,ã‚†ã‚,ja,ja
961958249514778624,Fri Feb 09 13:41:33 +0000 2018,4749392281,ì² ìˆ˜,ko,ko
961958249498062850,Fri Feb 09 13:41:33 +0000 2018,931114483887558656,+N,pt,pt
961958249502298112,Fri Feb 09 13:41:33 +0000 2018,848253786175016960,LÃ©o,pt,pt
961958249506328577,Fri Feb 09 13:41:33 +0000 2018,2402722904,ãºã‚Šã“ğŸ˜˜,ja,ja
961958249514831873,Fri Feb 09 13:41:33 +0000 2018,2839580099,â­Thierry Orlayâ­,fr,und
961958249518911488,Fri Feb 09 13:41:33 +0000 2018,917593210226016258,gemdolls,ja,ja
961958249531453440,Fri Feb 09 13:41:33 +0000 2018,1016511306,ğŸŒ»,th,ko
961958249498136576,Fri Feb 09 13:41:33 +0000 2018,851221368943325185,Shugar,es,es
961958249523236865,Fri Feb 09 13:41:33 +0000 2018,913907667764219905,#Play Adri Fer,es,en
961958249531625472,Fri Feb 09 13:41:33 +0000 2018,728436765246152711,Claas Klar,de,de
961958249531658240,Fri Feb 09 13:41:33 +0000 2018,1516750706,ê³µëª… í•˜ê³  ì„œê°•ì¤€ì˜ ì•„ë‚´~ à¸„à¸¥à¸£à¹ˆà¸²à¸™à¹€à¸à¸²à¸«à¸¥à¸µ and 69 others,ko,und
961958249502093313,Fri Feb 09 13:41:33 +0000 2018,49597367,ã•ãªã ,ja,ja
961958249519112193,Fri Feb 09 13:41:33 +0000 2018,2210530077,Lalannds,es,en
961958249510600704,Fri Feb 09 13:41:33 +0000 2018,17579699,michaelsoft binbows,en,en
961958249514831872,Fri Feb 09 13:41:33 +0000 2018,43593452,Darkdarky,en,es
961958249527463937,Fri Feb 09 13:41:33 +0000 2018,829389902802345984,@icathiapan,es,es
961958249506500609,Fri Feb 09 13:41:33 +0000 2018,951510386490183680,Janet!,es,ko
961958249535766528,Fri Feb 09 13:41:33 +0000 2018,945396856573644801,WE LOVE Sargun Ravi,en,tl
961958249535811584,Fri Feb 09 13:41:33 +0000 2018,944783934470197249,MejiaJR,es,und
961958249527377921,Fri Feb 09 13:41:33 +0000 2018,634602764,SAINT PLACIDE ğŸ™ğŸ¾,fr,und
961958249531666432,Fri Feb 09 13:41:33 +0000 2018,859100797862391809,Keli; Electric Kissâš¡ï¸,pt,pt
961958249514897408,Fri Feb 09 13:41:33 +0000 2018,309954168,clarissa,en,en
961958249527422982,Fri Feb 09 13:41:33 +0000 2018,4190836499,Vic,en,en
961958249518989313,Fri Feb 09 13:41:33 +0000 2018,586515714,â­ï¸Ann Clemison â­ï¸,en,en
961958249506500610,Fri Feb 09 13:41:33 +0000 2018,48271938,Carly_Paulson,en,en
961958249514680320,Fri Feb 09 13:41:33 +0000 2018,952540831449194497,Revania,id,en
961958249523228672,Fri Feb 09 13:41:33 +0000 2018,1952877182,John Frickin Smith,en,en
961958249518989312,Fri Feb 09 13:41:33 +0000 2018,899825284274298880,Ashvik fangirlâ¤,en,en
961958249510694912,Fri Feb 09 13:41:33 +0000 2018,2364663823,Star Trek Timelines,en,en
961958249510600705,Fri Feb 09 13:41:33 +0000 2018,3228595385,lalay ğŸ¦‹,pt,pt
961958249519042560,Fri Feb 09 13:41:33 +0000 2018,172229273,agraria gioiese,it,it
961958249531609090,Fri Feb 09 13:41:33 +0000 2018,784043117443948544,ğŸŒ¹ğŸ¥€ğŸŒ¹,en,en
961958249510686720,Fri Feb 09 13:41:33 +0000 2018,821519038660616193,ì„í›ˆì‹,en,en
961958253692203008,Fri Feb 09 13:41:34 +0000 2018,774591929992347648,ğŸ˜¸TRIXZHAğŸ˜»,en,en
961958253709021187,Fri Feb 09 13:41:34 +0000 2018,42180832,ã‘ã‚“ã¦ãƒã‚“(Official),ja,und
961958253708984320,Fri Feb 09 13:41:34 +0000 2018,884037151188369408,ã¡ã•ã,ja,ja
961958253721628672,Fri Feb 09 13:41:34 +0000 2018,881033776104488965,Aya.,en,en
961958253704896512,Fri Feb 09 13:41:34 +0000 2018,2399144534,å¶‹å®®æœ±è‰¯,ja,ja
961958253709029376,Fri Feb 09 13:41:34 +0000 2018,907544062638432256,ã‚¸ã‚§ãƒƒã‚½@é­šåº§ã®ã‚´ãƒªãƒ©ğŸ¦,ja,ja
961958253700640769,Fri Feb 09 13:41:34 +0000 2018,782948615270510592,ë¹„ìŒğŸ†,ko,ko
961958253713178625,Fri Feb 09 13:41:34 +0000 2018,3065506675,å§«æ­Œ@2/24å‰µä½œãŠå¬¢æ§˜(å§‰),ja,ja
961958253713223680,Fri Feb 09 13:41:34 +0000 2018,218102775,MIVE Ê•â€¢ï»Œâ€¢Ê”,en,th
961958253692203009,Fri Feb 09 13:41:34 +0000 2018,265237852,SUNNY,ko,ko
961958253717434368,Fri Feb 09 13:41:34 +0000 2018,873144796763668480,ë‚˜ê·¸ë‘ ëª¨ì°Œ,ko,ko
961958253696491520,Fri Feb 09 13:41:34 +0000 2018,745252868844773377,ë¦¬ì–´âœ¨,ko,ko
961958253717417984,Fri Feb 09 13:41:34 +0000 2018,1060210141,PYU ã“ã¿ãƒˆãƒ¬ãŠç–²ã‚Œæ§˜ã§ã—ãŸ,ja,ja
961958253729992705,Fri Feb 09 13:41:34 +0000 2018,364176265,ç™¾@æ°—æŒã¡ã¯ãŸã¾ã‚¢ãƒª,ja,ja
961958253721612288,Fri Feb 09 13:41:34 +0000 2018,960905567395958784,èŠ½æ„›,en,ja
961958253709021186,Fri Feb 09 13:41:34 +0000 2018,859348445764624384,ã‚»ãƒ•ãƒ¬å‹Ÿé›†$é€Ÿå ±,ja,ja
961958253700661248,Fri Feb 09 13:41:34 +0000 2018,903194413249118208,çˆ†ç¬‘å•é¡Œç›¸äº’ã€‚,ja,ja
961958253721604097,Fri Feb 09 13:41:34 +0000 2018,3219524558,ã‚„ã£ã—ãƒ¼@è¶£å‘³ã®æƒ…å ±å±‹,ja,ja
961958253713178624,Fri Feb 09 13:41:34 +0000 2018,1966746650,TATATA,ja,ja
961958253730021377,Fri Feb 09 13:41:34 +0000 2018,350856827,Ù†Ù‘ Ø› ğŸ‡¦ğŸ‡ª,en,ar
961958253700640770,Fri Feb 09 13:41:34 +0000 2018,715884539801808898,ã‚·ã‚§ã‚¤ãƒ—ã‚¢ãƒƒãƒ—ã‚ãŒã­,en,ja
961958253692252160,Fri Feb 09 13:41:34 +0000 2018,872603193930162176,ë¹›ë‚˜ëŠ”ì˜¤ëŠ˜ğŸ¹,ko,und
961958253704790017,Fri Feb 09 13:41:34 +0000 2018,946007368843739136,ì•„ë¦¬ğŸµ,ko,ko
961958253721604096,Fri Feb 09 13:41:34 +0000 2018,777182109030944768,ë²„ë‹ˆë²ˆ,ko,ko
961958253729992704,Fri Feb 09 13:41:34 +0000 2018,4431506413,ğŸŒ™,ko,ko
961958253692440576,Fri Feb 09 13:41:34 +0000 2018,2557416222,Maggie Vaughan,en,en
961958253721726977,Fri Feb 09 13:41:34 +0000 2018,2922605871,Claso.ru,ru,ru
961958253696450561,Fri Feb 09 13:41:34 +0000 2018,884612289751535616,ğŸ±,en,en
961958253700829184,Fri Feb 09 13:41:34 +0000 2018,2809525721,SÃ³lo Moda,es,es
961958253692268545,Fri Feb 09 13:41:34 +0000 2018,4607107950,ë¦¬ë¸Œ,ko,ko
961958253713387520,Fri Feb 09 13:41:34 +0000 2018,1240119444,Purp ğŸ’œ,en,en
961958253730021376,Fri Feb 09 13:41:34 +0000 2018,936847315897237504,ğŸ–¤ğŸ–¤,en,en
961958253696569346,Fri Feb 09 13:41:34 +0000 2018,924019179744780288,Raghav Upadhyay,en,en
961958253696573440,Fri Feb 09 13:41:34 +0000 2018,380537223,Chrissy,en,en
961958253700710400,Fri Feb 09 13:41:34 +0000 2018,330925718,Aart van Acquoij,nl,nl
961958253692366848,Fri Feb 09 13:41:34 +0000 2018,3038108397,thinkinâ€™ about you outsold,en,ko
961958253692305408,Fri Feb 09 13:41:34 +0000 2018,797075493988093953,tejieboii,en,en
961958253696634880,Fri Feb 09 13:41:34 +0000 2018,2160389700,ĞĞ»ĞµĞºÑĞµĞ¹ Ğ¨ĞºÑƒÑ€Ğ¸Ğº,ru,ru
961958253730189313,Fri Feb 09 13:41:34 +0000 2018,1318042250,Simi,en,en
961958253721735169,Fri Feb 09 13:41:34 +0000 2018,788391188143435776,IGUINHO,pt,in
961958253696569344,Fri Feb 09 13:41:34 +0000 2018,728326323135991814,Jaqui â¤,pt,und
961958253713330176,Fri Feb 09 13:41:34 +0000 2018,910579511317745664,Olivia,en,und
961958253713268736,Fri Feb 09 13:41:34 +0000 2018,2857662272,ã¨ã‚‚æ„šé€£éšŠ,ja,ja
961958253713387521,Fri Feb 09 13:41:34 +0000 2018,877802966207647744,Cristina,ro,en
961958253696602113,Fri Feb 09 13:41:34 +0000 2018,2801573634,fiyona,tr,tr
961958253709144068,Fri Feb 09 13:41:34 +0000 2018,872344310,MRIDONTGIVAFUK,en,und
961958253709185025,Fri Feb 09 13:41:34 +0000 2018,14328397,Wookiee Boogie,en,en
961958253696516096,Fri Feb 09 13:41:34 +0000 2018,770975220324720640,Ethraa_kau,en,ar
961958257894961153,Fri Feb 09 13:41:35 +0000 2018,889496409698844672,ëŠ˜,ko,ko
961958257886560256,Fri Feb 09 13:41:35 +0000 2018,62660658,ìš”ì‹œë‹¤ìœ í‚¤íˆë¡œ ĞÑĞ¸Ğ´Ğ°Ğ®ĞºĞ¸Ñ…Ğ¸Ñ€Ğ¾,ja,ja
961958257924255746,Fri Feb 09 13:41:35 +0000 2018,458186807,ï½½ï¾‡ï½°ï½±ï¾•,ja,ja
961958257920126976,Fri Feb 09 13:41:35 +0000 2018,877444371397787648,ã‚«ã‚¹ãƒ†ãƒ©ï¼ˆã‚ã¨1000ãŒé€²ã¾ãªã„ï¼‰,ja,ja
961958257903333377,Fri Feb 09 13:41:35 +0000 2018,609870751,ã«,ja,ja
961958257911676928,Fri Feb 09 13:41:35 +0000 2018,913383903683002368,ãµ ã‚ ã‚Š ï¼,ja,ja
961958257920110592,Fri Feb 09 13:41:35 +0000 2018,2277683664,âœ¨äººç”Ÿç„¡å¸¸ ì´ë¼ë„¬âœ¨,ko,ko
961958257924255744,Fri Feb 09 13:41:35 +0000 2018,761222412,ç¹”äºº,ja,ja
961958257899200512,Fri Feb 09 13:41:35 +0000 2018,2490123926,ja,th,th
961958257903349760,Fri Feb 09 13:41:35 +0000 2018,2731608577,kaguyahime,ja,ja
961958257894895618,Fri Feb 09 13:41:35 +0000 2018,3433603121,ãƒ ã‚ªãƒ³@æµ·å¤–é‡éƒã®ãƒ•ãƒªãƒ¼ãƒ€ãƒ å®Ÿæ³è€…,ja,ja
961958257907589120,Fri Feb 09 13:41:35 +0000 2018,960054849709604864,í•œì§€ìƒ,ko,ko
961958257899089920,Fri Feb 09 13:41:35 +0000 2018,734244071678451714,ayumu.,ja,ja
961958257894895616,Fri Feb 09 13:41:35 +0000 2018,1091586764,å’Œæ¨¹@æ¸›é‡ä¸­,ja,ja
961958257920065537,Fri Feb 09 13:41:35 +0000 2018,858610342263365633,SHiRO,ja,ja
961958257915977728,Fri Feb 09 13:41:35 +0000 2018,715545444156215296,ï¼œï¼ãƒ¼SHIGEãƒ¼ï¼œï¼œ,ja,ja
961958257924304898,Fri Feb 09 13:41:35 +0000 2018,948359691112890369,MJ,ja,ja
961958257894948864,Fri Feb 09 13:41:35 +0000 2018,882506657170808834,ã»ã«ã»ã«))çˆ¶ã¡ã‚ƒã€œã‚“,ja,ko
961958257924366336,Fri Feb 09 13:41:35 +0000 2018,927767610619412480,ãˆã¾ãŒã‰ã‚‰ã‚“@ã‚¢ã‚µã¡ã‚ƒã¾ã™ã¾ã™ãƒ©ãƒ–ã‚¡,ja,ja
961958257895006208,Fri Feb 09 13:41:35 +0000 2018,2522830963,ã¾ã“ãƒ©ãƒƒã‚³,ja,ja
961958257886511106,Fri Feb 09 13:41:35 +0000 2018,892059802699943937,TÃ†ISEI,ja,ja
961958257924325377,Fri Feb 09 13:41:35 +0000 2018,845897804643938304,ì–¼êµ´ì´ ë³´êµ¬ë‹¹ ë‹¹ì› ë””ì—ê³ ,ko,ko
961958257903288320,Fri Feb 09 13:41:35 +0000 2018,841290463592103936,_PÃÅ¤Ä†HÃƒPHÄ‚_,th,tr
961958257920163841,Fri Feb 09 13:41:35 +0000 2018,314634742,Kenichi Yamamura,ja,ja
961958257903505408,Fri Feb 09 13:41:35 +0000 2018,961800500571238400,B,ar,ar
961958257903349761,Fri Feb 09 13:41:35 +0000 2018,3092877757,ë¡œìš´,ko,en
961958257886720000,Fri Feb 09 13:41:35 +0000 2018,43231332,Queen Marz Barz,en,en
961958257907650561,Fri Feb 09 13:41:35 +0000 2018,863671369409720320,âœ˜TaeTaeâœ˜,ru,und
961958257890705410,Fri Feb 09 13:41:35 +0000 2018,911592276102602753,à¸§à¸µ à¹€à¸­à¸ª à¸‹à¸µ à¹‚à¸­ ğŸ’«,th,th
961958257899192321,Fri Feb 09 13:41:35 +0000 2018,96923022,ãªã£ã—ã€œ,ja,ja
961958257899192327,Fri Feb 09 13:41:35 +0000 2018,3302473764,à¸­à¸±à¸à¸à¸à¸à¸ğŸ‘¾,th,th
961958257911894016,Fri Feb 09 13:41:35 +0000 2018,875322899833516033,Ø¯ÙˆØ±ÙŠ Ø§Ù„Ø¯Ø±Ø¬Ø© Ø§Ù„Ø«Ø§Ù†ÙŠØ©,ar,ar
961958257894948865,Fri Feb 09 13:41:35 +0000 2018,2922757590,ãƒ¦ã‚¦@ship7.8,ja,ja
961958257886547968,Fri Feb 09 13:41:35 +0000 2018,743124637593178112,à¸ˆà¸°à¹„à¸›à¸¥à¸¹à¸šà¹€à¸«à¸¡à¹ˆà¸‡à¸‚à¸­à¸‡à¸„à¸¢à¸­à¸‡à¸‹à¸¹  ğŸ‘€,th,th
961958257890811904,Fri Feb 09 13:41:35 +0000 2018,959798543622987776,Akhil Chaudhary,en,hi
961958257890820096,Fri Feb 09 13:41:35 +0000 2018,788671233709801472,masaud jan khan,en,ur
961958257920225281,Fri Feb 09 13:41:35 +0000 2018,211533486,Freedom Lover,en,en
961958257911910401,Fri Feb 09 13:41:35 +0000 2018,304686734,Jenn,en,en
961958257886728192,Fri Feb 09 13:41:35 +0000 2018,123695645,Magallanico 100%,es,es
961958257920266241,Fri Feb 09 13:41:35 +0000 2018,335050760,louis love carrots,pt,pt
961958257907548160,Fri Feb 09 13:41:35 +0000 2018,899271343622901761,ãŠãŸã@ç„¡è¨€å·¡å›,ja,und
961958257886662656,Fri Feb 09 13:41:35 +0000 2018,16248619,Simon Owens,en,en
961958257907544064,Fri Feb 09 13:41:35 +0000 2018,522218227,ì„¸ë¦°,en,ko
961958257890914309,Fri Feb 09 13:41:35 +0000 2018,448002890,iGusto ğŸ‡³ğŸ‡¬,fr,fr
961958257899266048,Fri Feb 09 13:41:35 +0000 2018,926495587704496128,Manu e Niih; bibi deu parabÃ©ns pelos 3 meses,pt,pt
961958257903353857,Fri Feb 09 13:41:35 +0000 2018,780309090346016768,SIN,ko,ko
961958257911791617,Fri Feb 09 13:41:35 +0000 2018,1912518391,Jose Maria Lopez,es,es
961958257920266240,Fri Feb 09 13:41:35 +0000 2018,711380016916008963,â€Ø£Ù…ÙŠØ±Ø©~Ø§Ù„Ø²Ù‡Ø±Ø§Ù†ÙŠÙ°.ğŸ‡¸ğŸ‡¦,en,und
961958257903448065,Fri Feb 09 13:41:35 +0000 2018,317485572,Daniela Carolina,es,es
961958257924460544,Fri Feb 09 13:41:35 +0000 2018,588605632,CMM informaciÃ²n,es,es
961958257903489024,Fri Feb 09 13:41:35 +0000 2018,588307820,ğŸŒ·ğŸŒ¸ ë´„ë‚  ğŸŒ¼ ğŸŒ¹,fr,en
961958257916104704,Fri Feb 09 13:41:35 +0000 2018,746933171720093696,Just Me,en,en
961958257911877634,Fri Feb 09 13:41:35 +0000 2018,884057862250668037,Amy,en,es
961958257911877633,Fri Feb 09 13:41:35 +0000 2018,866150333826912256,ğŸŒ¼RoğŸŒ¼,es,en
961958257920180225,Fri Feb 09 13:41:35 +0000 2018,33220465,Sozer,pt,pt
961958257920266242,Fri Feb 09 13:41:35 +0000 2018,290769460,Jon Spinaro,es,es
961958257890856960,Fri Feb 09 13:41:35 +0000 2018,2172540474,Ø´Ø±Ù ÙØ§Ø®Ø±,ar,ar
961958257907642368,Fri Feb 09 13:41:35 +0000 2018,18886736,H. E. Pennypacker,en,en
961958257920180226,Fri Feb 09 13:41:35 +0000 2018,2925090676,Baselard,en,en
961958257890754560,Fri Feb 09 13:41:35 +0000 2018,958929159438381056,ìµœì€í˜œ,en,ko
961958257890750465,Fri Feb 09 13:41:35 +0000 2018,958489876583731200,ìŠˆë¯¸,en,ko
961958257924419585,Fri Feb 09 13:41:35 +0000 2018,2464860169,Ø§Ù„Ù‡Ø§Ù…Ù„ÙŠ,en-gb,und
961958257907527680,Fri Feb 09 13:41:35 +0000 2018,302586373,p1yosan,ja,ja
961958257916043265,Fri Feb 09 13:41:35 +0000 2018,936619126029656065,Google Analytics,en-gb,en
961958257886617600,Fri Feb 09 13:41:35 +0000 2018,2293886874,gelu Â° stream ê³ ë§™ë‹¤,en,en
961958257911828480,Fri Feb 09 13:41:35 +0000 2018,775923469091430400,Di$no$treet$weeperğŸ¤,en,en
961958257911828481,Fri Feb 09 13:41:35 +0000 2018,1966242780,CatGirlFanclub,en,und
961958262106042368,Fri Feb 09 13:41:36 +0000 2018,3231416665,ä¿®äºº@éµã£å­ 2.17éµã‹ã‚‹ãŸã‚ªãƒ•ä¸»å‚¬,ja,ja
961958262114435072,Fri Feb 09 13:41:36 +0000 2018,2361048367,ã·ã‚ˆãƒ†ãƒˆå ±å‘Šã™ã‚‹bot,ja,ja
961958262085058562,Fri Feb 09 13:41:36 +0000 2018,933644704503144454,í•œìŒ,ko,ko
961958262089252864,Fri Feb 09 13:41:36 +0000 2018,766048171160170496,æ–°å£çµè¡£å¤§ã‚¹ã‚­,ja,ja
961958262110175232,Fri Feb 09 13:41:36 +0000 2018,2934932320,INDRÎ›JIT,en,en
961958262089310208,Fri Feb 09 13:41:36 +0000 2018,876231788938403840,Klug,en,en
961958262114369536,Fri Feb 09 13:41:36 +0000 2018,866139324,å¤©ãƒ‘ãƒ¼ãƒ,ja,ja
961958262110224384,Fri Feb 09 13:41:36 +0000 2018,4612366939,ğŸ€     ã¾ ãŠ ã´ .,ja,ja
961958262110240770,Fri Feb 09 13:41:36 +0000 2018,3671119754,ãƒªãƒªã‚£,ja,ja
961958262101893120,Fri Feb 09 13:41:36 +0000 2018,901009336159227904,queen jiu.,en,en
961958262101786625,Fri Feb 09 13:41:36 +0000 2018,950947535295725568,poiuy09,ko,ko
961958262093463552,Fri Feb 09 13:41:36 +0000 2018,3024810614,ã½ã‚€,ja,ja
961958262114430976,Fri Feb 09 13:41:36 +0000 2018,743869579709947904,gungun,vi,en
961958262085058560,Fri Feb 09 13:41:36 +0000 2018,861579512286330881,ì†Œë‹ˆê³ ì§€ì†Œëƒ,ko,ko
961958262118653953,Fri Feb 09 13:41:36 +0000 2018,898368473809666048,ã¨ã‚ã‚ã‚“,ja,ja
961958262110240769,Fri Feb 09 13:41:36 +0000 2018,822365428185899009,Vida Graend,th,th
961958262114365440,Fri Feb 09 13:41:36 +0000 2018,957579729187426305,ì•„ë¼í•œ,ko,ko
961958262106087425,Fri Feb 09 13:41:36 +0000 2018,839312341527244800,ã¾ã£ãŸã‘,ja,ja
961958262085054465,Fri Feb 09 13:41:36 +0000 2018,952516305336156160,æ¬…å‚46 ã¦ã¡æ¨ã— â—¢ÍŸï¿¨â´â¶ğŸ”°,ja,ja
961958262081024000,Fri Feb 09 13:41:36 +0000 2018,760104974,Manolo,fr,fr
961958262118600704,Fri Feb 09 13:41:36 +0000 2018,1424975606,ãƒ©ã‚¤ãƒˆ@FÃ—GãŠç•™å®ˆç•ªçµ„,ja,ja
961958262093504512,Fri Feb 09 13:41:36 +0000 2018,325992503,å­çŒ«@84/143,ja,ja
961958262101893122,Fri Feb 09 13:41:36 +0000 2018,960357640005066752,K-DRAMA LOVER ğŸ’›ğŸ’›,en,en
961958262118629377,Fri Feb 09 13:41:36 +0000 2018,956407324339404800,íˆ¬í‘œ4,ko,tl
961958262097637382,Fri Feb 09 13:41:36 +0000 2018,4695198348,åŸç”°å‘³ä½³,ja,ja
961958262093447168,Fri Feb 09 13:41:36 +0000 2018,761194961630994434,ã‚¹ãƒŠã‚¤ãƒ—ã‚¹,ja,ja
961958262097801216,Fri Feb 09 13:41:36 +0000 2018,823291738383118338,Survey Sunday,en,en
961958262114603008,Fri Feb 09 13:41:36 +0000 2018,1226043756,faysal axmeed,en,et
961958262085160960,Fri Feb 09 13:41:36 +0000 2018,910658845365686277,Foguin pra vocÃªs ğŸ”¥,pt,und
961958262081032192,Fri Feb 09 13:41:36 +0000 2018,3237156360,Emi,en,und
961958262110347264,Fri Feb 09 13:41:36 +0000 2018,931869456,Ø§Ù„Ø¬Ø²ÙŠØ±Ø©,ar,ar
961958262118723584,Fri Feb 09 13:41:36 +0000 2018,1545154520,ğŸ’– baby ğŸ’–,en,pt
961958262110343168,Fri Feb 09 13:41:36 +0000 2018,1504682306,áƒ¦âœ–Johannaâœ–â™¥â˜º,es,und
961958262118731781,Fri Feb 09 13:41:36 +0000 2018,283308380,GÃ¼venlikÃ§i BeyğŸŒŸğŸŒŸğŸŒŸğŸŒŸ,tr,tr
961958262106132481,Fri Feb 09 13:41:36 +0000 2018,952203890749071360,James,en,en
961958262110326785,Fri Feb 09 13:41:36 +0000 2018,904322964363010048,Melody Nurramdhani,id,in
961958262110326786,Fri Feb 09 13:41:36 +0000 2018,757473901,K. Watson,en,en
961958262118764550,Fri Feb 09 13:41:36 +0000 2018,926085809329115136,2602íƒœí˜€ë‚˜,es,ko
961958262093549568,Fri Feb 09 13:41:36 +0000 2018,1619065166,Ø¹Ø¯Ù†Ø§Ù† Ø¹Ù…Ø±,ar,ar
961958262097764354,Fri Feb 09 13:41:36 +0000 2018,2149762415,Trobat,es,es
961958262085246976,Fri Feb 09 13:41:36 +0000 2018,2917141135,(ì •ì¡)ììœ ë¡œìš´ íœ´í•™ìš”ì •ì„ í–¥í•´,ko,ko
961958262089363456,Fri Feb 09 13:41:36 +0000 2018,2982174220,Lari TheoğŸ¦‹,pt,und
961958262106132480,Fri Feb 09 13:41:36 +0000 2018,58766572,ThomasDesson,fr,fr
961958262118715392,Fri Feb 09 13:41:36 +0000 2018,753637323758272513,Kevin Jenkins (KJen),en,en
961958262089371648,Fri Feb 09 13:41:36 +0000 2018,4612304957,Nut King,hr,en
961958262097809408,Fri Feb 09 13:41:36 +0000 2018,952075567490306048,gian,it,it
961958266300375040,Fri Feb 09 13:41:37 +0000 2018,819698664889122816,ãƒˆã‚µã‚«,ja,ja
961958266283552768,Fri Feb 09 13:41:37 +0000 2018,831873107124105217,delğŸ£ ì§€ë¯¼ë™ì´,en,en
961958266287792129,Fri Feb 09 13:41:37 +0000 2018,880673791302619137,ä½¿ã‚ãªã„ï½ã‚“ğŸ˜Ÿ,ja,ja
961958266291994624,Fri Feb 09 13:41:37 +0000 2018,135479572,ã‚ã§ã‚‹,en,ja
961958266287808516,Fri Feb 09 13:41:37 +0000 2018,799124327312465920,ã®ãŸğŸ”Œ,ja,ja
961958266287738880,Fri Feb 09 13:41:37 +0000 2018,1636655978,ã‚·ã‚ªãƒ³@ã¯ã‚“ãºã‚“ãƒ—ãƒªãƒ³ã‚»ã‚¹,ja,ja
961958266287763456,Fri Feb 09 13:41:37 +0000 2018,2515526604,ê°•ìœ ,ko,ko
961958266275115010,Fri Feb 09 13:41:37 +0000 2018,865798832608563201,ë§ŒìŠˆâ„ï¸,ko,ko
961958266287751168,Fri Feb 09 13:41:37 +0000 2018,852193564964646913,yuseebatak,id,und
961958266296139776,Fri Feb 09 13:41:37 +0000 2018,940505148668788737,ç›¸äº’ãƒ•ã‚©ãƒ­ãƒ¼âˆEXILE NAOTO,ja,ja
961958266304540672,Fri Feb 09 13:41:37 +0000 2018,1512792074,ã’ã‚“ã›ã¤,ja,ja
961958266279411712,Fri Feb 09 13:41:37 +0000 2018,109582397,ç¹”è‘‰@ãƒ¡ã‚¬ãƒéƒ¨,ja,ja
961958266292002816,Fri Feb 09 13:41:37 +0000 2018,849705384189317122,Nicolas Alvear-Rogge,en,es
961958266296090624,Fri Feb 09 13:41:37 +0000 2018,307217717,í†µì¥ì”ê³ 2ë§Œì²œì› ì›”ê¸‰ê¹Œì§€D-20,ko,ja
961958266296135680,Fri Feb 09 13:41:37 +0000 2018,946313742316220416,ğŸ¥ğŸ’•ğŸ¬ìª¼ê¼¬ë¼ë–¼,ko,ko
961958266287792128,Fri Feb 09 13:41:37 +0000 2018,905774074021855232,ï½±ï½·ï¾—,ja,ja
961958266300375042,Fri Feb 09 13:41:37 +0000 2018,835406896555139073,Alviana | where is HIXTAPE?,en,in
961958266275168256,Fri Feb 09 13:41:37 +0000 2018,723229619151728640,Jizzmyne,en,en
961958266287808515,Fri Feb 09 13:41:37 +0000 2018,2519728567,ëˆˆì‚¬ëŒ ì¥ì¸ ãƒ”ãƒ”å­ ğŸŒ·ğŸ³ï¸â€ğŸŒˆ,ko,ko
961958266287702016,Fri Feb 09 13:41:37 +0000 2018,769230149451550720,ã ã„ğŸŒ¸D,ja,ja
961958266275184640,Fri Feb 09 13:41:37 +0000 2018,410637641,à¤¸à¥ƒà¤·à¥à¤Ÿà¤¿,en,ko
961958266283716609,Fri Feb 09 13:41:37 +0000 2018,3381775643,5lupus,en,en
961958266312904705,Fri Feb 09 13:41:37 +0000 2018,3165310730,ğŸ©ğŸ«ë€¨ì€¼ì®¸ìâš½,ko,ko
961958266291941376,Fri Feb 09 13:41:37 +0000 2018,838667419904167936,LUSHINE,en,en
961958266275115016,Fri Feb 09 13:41:37 +0000 2018,840432632852840448,Risukychann,id,ko
961958266308771840,Fri Feb 09 13:41:37 +0000 2018,3285330494,ê¾¹ê¾¸,th,ko
961958266312929281,Fri Feb 09 13:41:37 +0000 2018,4607107950,ë¦¬ë¸Œ,ko,ko
961958266275115017,Fri Feb 09 13:41:37 +0000 2018,385291178,á´…á´€ÊŸá´˜á´€É´É¢ ğŸŒ,ko,ko
961958266308890624,Fri Feb 09 13:41:37 +0000 2018,795810018146848769,â˜• : Ñ•Ï…per â„“Î¹der Ğ½yÏ…ng  ~â­â–«,es,en
961958266300502016,Fri Feb 09 13:41:37 +0000 2018,848117372946874368,Ğ¿ĞµÑ‚ÑƒÑˆĞ¸Ğ½Ñ‹Ğ¹ ĞºĞ¾Ñ…Ğ°Ğ¹,ru,ru
961958266283622401,Fri Feb 09 13:41:37 +0000 2018,4178639075,Ø·ÙŠÙŠÙŠÙğŸ”,ar,ar
961958266287919104,Fri Feb 09 13:41:37 +0000 2018,2864168477,Yuli Jimenez,es,es
961958266283597824,Fri Feb 09 13:41:37 +0000 2018,1466172786,Kim Schulze,en,en
961958266292133890,Fri Feb 09 13:41:37 +0000 2018,2217960662,y yo maria maria maria pero no reaccionaba,ca,es
961958266308825088,Fri Feb 09 13:41:37 +0000 2018,888122603243585540,Ray,pt,pt
961958266300399616,Fri Feb 09 13:41:37 +0000 2018,867309416004988928,BaeYoungbae,en,en
961958266279473153,Fri Feb 09 13:41:37 +0000 2018,2459006004,KarelyğŸŒ»,es,und
961958266287939585,Fri Feb 09 13:41:37 +0000 2018,2682051299,Jahâ„,en,en
961958266279473152,Fri Feb 09 13:41:37 +0000 2018,4793894052,JD,en,en
961958262101893121,Fri Feb 09 13:41:36 +0000 2018,833810368132583424,(ä½æµ®ä¸Š)æ£®ã®ãã¾ã•ã‚“(ã‚¦ã‚ªã‚¿ãƒŸå¢),ja,ja
961958266308911105,Fri Feb 09 13:41:37 +0000 2018,1304929718,FantÃ­fica,ca,es
961958266275270656,Fri Feb 09 13:41:37 +0000 2018,856112905766535168,Pedda,de,de
961958266312966145,Fri Feb 09 13:41:37 +0000 2018,935778948750778370,å½©é¦™,ja,ja
961958266308845568,Fri Feb 09 13:41:37 +0000 2018,936463517800128512,Jin,en,und
961958266308841479,Fri Feb 09 13:41:37 +0000 2018,204527346,Sleek Gurl,en,und
961958266287816705,Fri Feb 09 13:41:37 +0000 2018,3096051852,63â€™âœ¨.,ar,ar
961958266287853569,Fri Feb 09 13:41:37 +0000 2018,2205579774,- JoÃ£o,pt,pt
961958266292047872,Fri Feb 09 13:41:37 +0000 2018,885258920473894912,sk,en,ar
961958266283622400,Fri Feb 09 13:41:37 +0000 2018,108836313,Pathi Almeida,pt,und
961958266308841473,Fri Feb 09 13:41:37 +0000 2018,888425001153638400,UnlockD,en,en
961958266275115008,Fri Feb 09 13:41:37 +0000 2018,3300293886,wuyeol&parkfan,th,und
961958266279358465,Fri Feb 09 13:41:37 +0000 2018,842321655321903107,ã‚   ã¤   ã¿   ã‚“ğŸ’,ja,ja
961958266300329984,Fri Feb 09 13:41:37 +0000 2018,2932418328,ä¸‰æ‘æ‹“çŸ¢,ja,ja
961958270477848576,Fri Feb 09 13:41:38 +0000 2018,819748376568696832,ã¯ãª87,ja,ja
961958270494650369,Fri Feb 09 13:41:38 +0000 2018,932637023248171008,ãƒ¤ãƒ¼,ja,ja
961958270498783234,Fri Feb 09 13:41:38 +0000 2018,913073593826787328,â™ğŸ…°dhad vishal (à¤…à¤¨à¤¾à¤¯à¥…),en,hi
961958270494679041,Fri Feb 09 13:41:38 +0000 2018,718300427264126977,í›,ko,ko
961958270490439680,Fri Feb 09 13:41:38 +0000 2018,452698544,ãˆãƒ¼ã˜,ja,ja
961958270482051072,Fri Feb 09 13:41:38 +0000 2018,493699112,Blue Scorpion,en,en
961958270498828290,Fri Feb 09 13:41:38 +0000 2018,886912003951820800,[íŠ¸ì¹œì†Œê¸°ê¸°] ë¯•ë“€,ko,ko
961958270507237377,Fri Feb 09 13:41:38 +0000 2018,160914467,ë§Œë‘,ko,und
961958270486249474,Fri Feb 09 13:41:38 +0000 2018,1885999116,à¸§à¸±à¹ˆà¸™,en,und
961958270494638080,Fri Feb 09 13:41:38 +0000 2018,934023504323805186,ÙÙŠØµÙ„ Ù…Ø­Ù…Ø¯,ar,ar
961958270507171840,Fri Feb 09 13:41:38 +0000 2018,2316734892,ANN(ã‚ã‚“ã¡ã‚ƒã‚“),ja,ja
961958270477918209,Fri Feb 09 13:41:38 +0000 2018,853246652823371776,ä¹ä¸€ä¸ä¼šå”±æ­Œ,zh-CN,en
961958270486196229,Fri Feb 09 13:41:38 +0000 2018,736208179,ë°ë“œë„ë„,ko,ko
961958270473715713,Fri Feb 09 13:41:38 +0000 2018,878230280699498497,âœ¨ë…¹ë‘ë¹„ëˆ„âœ¨,ko,ja
961958270498783233,Fri Feb 09 13:41:38 +0000 2018,988050680,â†ãƒ©ãƒ¼ãƒ¡ãƒ³ã‚’é‹ã¶é¢¨é›¶,ja,ja
961958270477918208,Fri Feb 09 13:41:38 +0000 2018,870978871104909313,â˜êµ¬ë¥´ë¯¸â˜,ko,ko
961958270490460160,Fri Feb 09 13:41:38 +0000 2018,847046844861566976,ğŸŒ¿ àª®à«àª•à«‡àª¶ ğŸŒ¿,en,en
961958270494650370,Fri Feb 09 13:41:38 +0000 2018,4835306114,ì•„ë¬´ê±°ë‚˜ ë¦¬íŠ¸ìœ— ê³„ì •,ko,und
961958270469529600,Fri Feb 09 13:41:38 +0000 2018,828065293041668096,JFB Abeyá¶œÊ³áµ˜á¶¤Ë¢áµ‰,id,in
961958270498897921,Fri Feb 09 13:41:38 +0000 2018,437029547,PlayfulAnywhere,en,en
961958270503129088,Fri Feb 09 13:41:38 +0000 2018,802628435411607557,Kika,pt,pt
961958270494633990,Fri Feb 09 13:41:38 +0000 2018,2412705866,ì†Œë‚˜ê¸°[ğŸº2-2 ğŸ°22 ğŸ›¡4],ko,ko
961958270473678853,Fri Feb 09 13:41:38 +0000 2018,804125894797164544,ìœµìœ ,ko,und
961958270503075842,Fri Feb 09 13:41:38 +0000 2018,908854658587795458,ğŸ¦„,ko,ko
961958270482067456,Fri Feb 09 13:41:38 +0000 2018,776755521185419264,ğŸˆğŸ§à¹€à¸•à¸‡à¸¯à¹€à¸›à¹‡à¸™à¸„à¸™à¸Šà¸´à¸„à¸¯ğŸ†’ğŸ¦ŠğŸ”ŸğŸ’š,th,th
961958270477856768,Fri Feb 09 13:41:38 +0000 2018,3625992494,mj ğŸ¦,en,en
961958270494584832,Fri Feb 09 13:41:38 +0000 2018,1290824672,HALKA,ja,ja
961958270503145472,Fri Feb 09 13:41:38 +0000 2018,24688494,azÃ¢nia deveria estar escrevendo sua dissertaÃ§Ã£o,pt,pt
961958270469419008,Fri Feb 09 13:41:38 +0000 2018,2700976369,Piatxxã…‚.ã…‚,th,th
961958270482157569,Fri Feb 09 13:41:38 +0000 2018,3744658880,ğŸ€Ø­Ø±ÙˆÙ Ø¹Ø§Ø´Ù‚Ù‡ğŸ€,ar,ar
961958270507372545,Fri Feb 09 13:41:38 +0000 2018,309813437,Ø®Ø§Ù„Ø¯ Ø§Ù„Ø®Ø¶Ø±Ù‰,ar,und
961958270473732096,Fri Feb 09 13:41:38 +0000 2018,2732767836,uMaIR aLi,en,en
961958270507388928,Fri Feb 09 13:41:38 +0000 2018,948066544508112897,ThisIsFisherA1,en,in
961958270477983745,Fri Feb 09 13:41:38 +0000 2018,540466780,Ave Nocturna,es,es
961958270473715712,Fri Feb 09 13:41:38 +0000 2018,2485242948,chanse_6194,ko,ko
961958270507323392,Fri Feb 09 13:41:38 +0000 2018,249584626,Rina S Khan,en,en
961958270498897922,Fri Feb 09 13:41:38 +0000 2018,232036718,Bella Williams,en,en
961958270473834499,Fri Feb 09 13:41:38 +0000 2018,422993607,âœ¨Ø§Ù„Ø´Ø§Ù…Ø®âœ¨,en,ar
961958270477979650,Fri Feb 09 13:41:38 +0000 2018,800638116654501888,[ë³´ìˆ˜4ê¸° ìˆ˜ìš”ì¡°ì‚¬ì¤‘]ë°±í†¢,en,ko
961958270498942976,Fri Feb 09 13:41:38 +0000 2018,756535139019137024,Captain Damian Nolan,en,en
961958270478028801,Fri Feb 09 13:41:38 +0000 2018,956931708976287745,Ø³ØªÙŠØ±Ùƒ,ar,ar
961958270482178048,Fri Feb 09 13:41:38 +0000 2018,1673658228,Romaisa Khan,en,en
961958270473854976,Fri Feb 09 13:41:38 +0000 2018,927162548071395328,â€¦,ar,pt
961958270473834498,Fri Feb 09 13:41:38 +0000 2018,872515367335231491,Magdalena,sr,sr
961958270494789632,Fri Feb 09 13:41:38 +0000 2018,3304477598,seb,en,en
961958270490554368,Fri Feb 09 13:41:38 +0000 2018,840240977067483136,jooni mini,en,en
961958270490611712,Fri Feb 09 13:41:38 +0000 2018,113165956,Francisco PiÃ±ango,en,es
961958270486360064,Fri Feb 09 13:41:38 +0000 2018,953070791066882048,â˜„*à³ƒ mia ama muito um solzinho *â˜†. #BME23MPartyâ˜„*à³ƒ,pt,ko
961958270498779136,Fri Feb 09 13:41:38 +0000 2018,905248914529411072,pon amor,ko,ko
961958270486249472,Fri Feb 09 13:41:38 +0000 2018,943689912280215552,ãã‚…@ãƒœãƒ³äººğŸ¦ğŸ ,ja,ja
961958270469660672,Fri Feb 09 13:41:38 +0000 2018,931575540401803264,#19,ar,en
961958270482104325,Fri Feb 09 13:41:38 +0000 2018,1917055093,ãŸã‚‰ãŠ@ã‚°ãƒƒã‚ºå°‚ç”¨å¢(ç·©ãé™¸ãã‚“å›å),ja,ja
961958274701520896,Fri Feb 09 13:41:39 +0000 2018,4724289128,ãƒ¬ãƒãƒ¯ãƒ¼ãƒ«,ja,ja
961958274676400129,Fri Feb 09 13:41:39 +0000 2018,831540975994433540,I have no idea,en,th
961958274701512704,Fri Feb 09 13:41:39 +0000 2018,3250304936,â™¥í† ë‹ˆí”¼í„°â™¥ FreeDom,ko,ko
961958274676375552,Fri Feb 09 13:41:39 +0000 2018,722836281084874752,Få­,ja,ja
961958274680500224,Fri Feb 09 13:41:39 +0000 2018,877163033155350528,à¸«à¸¥à¸‡à¹à¸šà¸„ ^^;,th,ko
961958274672111619,Fri Feb 09 13:41:39 +0000 2018,793461913657090048,ã‚‰ã„ã¨,ja,ja
961958274697330688,Fri Feb 09 13:41:39 +0000 2018,912788258995572736,ìš°ì›…,ko,ko
961958274701574144,Fri Feb 09 13:41:39 +0000 2018,959049351619256321,Qistinaaaa,en,in
961958274688983040,Fri Feb 09 13:41:39 +0000 2018,917045179,Justin Verdugo,en,en
961958274693132288,Fri Feb 09 13:41:39 +0000 2018,748847699479236608,âœ¨ì½”ìŠ¤ë¯¹ ë¼ë–¼âœ¨,ko,ko
961958274688954369,Fri Feb 09 13:41:39 +0000 2018,1336030506,natalie grace,en,en
961958274701524992,Fri Feb 09 13:41:39 +0000 2018,260533169,ã¿ãã‚‚,ja,ja
961958274672214016,Fri Feb 09 13:41:39 +0000 2018,3722457734,íŒ©íŒ¹,en,en
961958274701541377,Fri Feb 09 13:41:39 +0000 2018,4673279058,ã“ã‚ã‚“ï¼Škaikai,ja,ja
961958274693083138,Fri Feb 09 13:41:39 +0000 2018,766070666294595585,ç‹å­ã«æ•¬èªãªãƒ©ãƒ‡ã‚£ãƒƒãƒ„,ja,ja
961958274688954368,Fri Feb 09 13:41:39 +0000 2018,843498648029872132,ëˆ™ëˆ™,ko,ko
961958274676408320,Fri Feb 09 13:41:39 +0000 2018,719216874634891265,É´ á´œ : -,ko,ko
961958274688991232,Fri Feb 09 13:41:39 +0000 2018,2711551429,ãµãƒ¼ã¡ã‚ƒã‚“ã®ãƒªã‚¢ãƒ«,ja,ja
961958274689110016,Fri Feb 09 13:41:39 +0000 2018,2265276441,Dangerous ğŸ…´,en,en
961958274667958275,Fri Feb 09 13:41:39 +0000 2018,866525841324253184,Me,vi,en
961958274684760064,Fri Feb 09 13:41:39 +0000 2018,700954766042464259,ì‚°ìŠ¤í¬ë¦¬íŠ¸,ko,ko
961958274680504320,Fri Feb 09 13:41:39 +0000 2018,2197225033,VanğŸ’™A,en,en
961958274688937989,Fri Feb 09 13:41:39 +0000 2018,1459353824,é‡å®®@10å¤œ,ja,ja
961958274680565760,Fri Feb 09 13:41:39 +0000 2018,920924158598324226,ã¤ã¶ã‚ã‚“@2mâ™‚,ja,ja
961958274701541382,Fri Feb 09 13:41:39 +0000 2018,2987079732,à¸¢à¸à¸‹à¸­à¸‡à¸­à¸¹à¹ƒà¸«à¹‰à¹à¸”à¹€à¸™à¸µà¸¢à¸¥à¹„à¸›à¹à¸¥à¹‰à¸§,th,th
961958274663792640,Fri Feb 09 13:41:39 +0000 2018,912660369067302912,ã‚­ãƒã‚¬ã‚¤,ja,ja
961958274668072966,Fri Feb 09 13:41:39 +0000 2018,883088301347012610,ANGEL,pt,pt
961958274663825408,Fri Feb 09 13:41:39 +0000 2018,822025435361837056,SW..,ja,ja
961958274697379841,Fri Feb 09 13:41:39 +0000 2018,733143569515577344,Ø³ÙŠØ¯ Ù…Ù‡Ø±Ø§Ù†,ar,ar
961958274684788736,Fri Feb 09 13:41:39 +0000 2018,858025397564227584,ğŸ‡ìì•„ë¶„ì—´ë¶•ë°©,ko,ko
961958274697330689,Fri Feb 09 13:41:39 +0000 2018,934539276733235200,Flacko Almaguer,es,und
961958274676477952,Fri Feb 09 13:41:39 +0000 2018,948743917255778304,TJ,en,en
961958274701713415,Fri Feb 09 13:41:39 +0000 2018,860232542,mollieee,en,en
961958274668011520,Fri Feb 09 13:41:39 +0000 2018,919864066616602624,Kathy,vi,vi
961958274693304321,Fri Feb 09 13:41:39 +0000 2018,928627844036616197,Ù…Ø¬Ù…ÙˆØ¹Ù‡ Ø§Ù„Ø±ÙŠØ§Ù† Ù„Ù„Ø§Ø¹Ù„Ø§Ù†Ø§Øª,ar,ar
961958274693287936,Fri Feb 09 13:41:39 +0000 2018,955847157252313088,Sthe,pt,pt
961958274680676353,Fri Feb 09 13:41:39 +0000 2018,188329594,Chocolateâ™ ï¸Queen,es,es
961958274693304320,Fri Feb 09 13:41:39 +0000 2018,3402825249,EdsğŸˆ,es,en
961958274701684736,Fri Feb 09 13:41:39 +0000 2018,14621405,Jeremy Long,en,en
961958274668154881,Fri Feb 09 13:41:39 +0000 2018,866694885461688321,Amanda Pessoa,pt,pt
961958274697433089,Fri Feb 09 13:41:39 +0000 2018,773628805537734656,Miili Matos,es,es
961958274684870657,Fri Feb 09 13:41:39 +0000 2018,2889731380,ğŸŒ¨ï¸Schneewolf....nino? NinoğŸº,de,de
961958274680553472,Fri Feb 09 13:41:39 +0000 2018,115639376,ãƒ­ãƒ¼ã‚½ãƒ³,ja,ja
961958274697342976,Fri Feb 09 13:41:39 +0000 2018,115639376,ãƒ­ãƒ¼ã‚½ãƒ³,ja,ja
961958274680655872,Fri Feb 09 13:41:39 +0000 2018,961947971343482880,No god  but Allah,ar,ar
961958274680672256,Fri Feb 09 13:41:39 +0000 2018,897490864611700736,el Sueco,es,es
961958274684735488,Fri Feb 09 13:41:39 +0000 2018,2711802253,à¸¡à¸µà¸­à¸´à¸™,th,th
961958274689044480,Fri Feb 09 13:41:39 +0000 2018,2737544741,âœ¨Amanda Marieâœ¨,en,en
961958274672332800,Fri Feb 09 13:41:39 +0000 2018,4857751681,ğŸ’à¤¸à¤¬à¤¿à¤¨à¤¾ à¤–à¤¡à¥à¤•à¤¾ğŸ’,en,ne
961958274684858368,Fri Feb 09 13:41:39 +0000 2018,3228000262,DJ GU! M@RQUES,pt,pt
961958274693201920,Fri Feb 09 13:41:39 +0000 2018,2982284655,Jordi BastÃ©,ca,es
961958274697482241,Fri Feb 09 13:41:39 +0000 2018,948915483272761344,Mayoussaaa ğŸâ¤ï¸ğŸŒ¶,fr,ar
961958274676547584,Fri Feb 09 13:41:39 +0000 2018,816326693199679488,Elvis,de,de
961958274693201921,Fri Feb 09 13:41:39 +0000 2018,4493813716,pra vc Ã© sra Abi,pt,pt
961958274668138496,Fri Feb 09 13:41:39 +0000 2018,829418839192502272,CACIQUE MARACAY,es,es
961958278895828994,Fri Feb 09 13:41:40 +0000 2018,876797577676509184,ğŸ‹íƒë¼ëŒ€í‘œíŠ¸ì°ë ˆëª½í‘¸ë”©ğŸ‹,ko,ko
961958278891581440,Fri Feb 09 13:41:40 +0000 2018,2734347132,ğ’®ğ‘’ğ“ƒğ“ˆğ’¾ğ“‰ğ’¾ğ“‹ğ‘’ ğ’·ğ“‡ğ‘œğ“Œğ“ƒ ğ’·ğ‘œğ’¾,en,en
961958278866468864,Fri Feb 09 13:41:40 +0000 2018,759023654059384832,ğŸ¥¦å¤ªå’Œå­,ja,ja
961958278874845185,Fri Feb 09 13:41:40 +0000 2018,3537286826,ë¼ìŠ¤ë‹˜,ko,ko
961958278883196928,Fri Feb 09 13:41:40 +0000 2018,3754184352,ã¡ãã‚“,ja,ja
961958278879100928,Fri Feb 09 13:41:40 +0000 2018,2758580443,SIRAKUSAğŸƒğŸ…,ja,ja
961958278883262464,Fri Feb 09 13:41:40 +0000 2018,2742069390,ã‚†ãã‚“ã“,ja,ja
961958278895779840,Fri Feb 09 13:41:40 +0000 2018,4864608210,âš¡ï¸ë²„ë‹âš¡ï¸,en,ko
961958278858076160,Fri Feb 09 13:41:40 +0000 2018,1497147294,tae,en,in
961958278891630592,Fri Feb 09 13:41:40 +0000 2018,2888449057,ğŸŒŒmoonlightğŸŒŒ,ko,ko
961958278878998528,Fri Feb 09 13:41:40 +0000 2018,861939541514436608,ã‚ã½ğŸ«12æ—¥ ã‚¹ãƒãƒ«,ja,ja
961958278879064066,Fri Feb 09 13:41:40 +0000 2018,237536251,BLUE WAVE 2018,en,en
961958278883295234,Fri Feb 09 13:41:40 +0000 2018,734368236565868544,ã‚ã‚‹@æˆäººä½ã¿,ja,ja
961958278887481344,Fri Feb 09 13:41:40 +0000 2018,967603898,rois,en,und
961958278891634688,Fri Feb 09 13:41:40 +0000 2018,745576897640161282,die,en,en
961958278879068165,Fri Feb 09 13:41:40 +0000 2018,3140281129,â™¡_â™¡ì—¥êµ´ğŸ¿,ko,ko
961958278874906624,Fri Feb 09 13:41:40 +0000 2018,866318528244203520,ğŸŒ¸lovebogummy1207 ğŸŒ¸,ko,ko
961958278895779841,Fri Feb 09 13:41:40 +0000 2018,921763646820065280,Mai,ko,ko
961958278870704129,Fri Feb 09 13:41:40 +0000 2018,777102981011415041,âœ¨ì—‘ì†Œ ìš°ì£¼ì²´ê³ âœ¨BYE,ko,ko
961958278891700224,Fri Feb 09 13:41:40 +0000 2018,728864268171550720,Sheerax Ahmed,en,hi
961958278870679554,Fri Feb 09 13:41:40 +0000 2018,751744426133770240,NA*2,ja,ja
961958278883368961,Fri Feb 09 13:41:40 +0000 2018,779811025684226048,teqsq,en,en
961958278883258368,Fri Feb 09 13:41:40 +0000 2018,742314977587929088,ã‚Šãš-rizu-,ja,ja
961958278858268674,Fri Feb 09 13:41:40 +0000 2018,969733104,M.Ã€ngels Planas,ca,und
961958278862315520,Fri Feb 09 13:41:40 +0000 2018,899577911442759681,ã‹ã£ã¡ã‚ƒã‚“@ãã‚‰ã‚‰LOVE â™¡â™¡â™¡â™¡â™¡,ja,ja
961958278887591938,Fri Feb 09 13:41:40 +0000 2018,2404156345,S5â›“,ar,ar
961958278874898432,Fri Feb 09 13:41:40 +0000 2018,952289572301324288,702 à¸—à¸µà¹ˆà¸£à¸±à¸,en,th
961958278870822912,Fri Feb 09 13:41:40 +0000 2018,1566766766,"mecha corta",es,es
961958278866571264,Fri Feb 09 13:41:40 +0000 2018,54043326,Eduarda Rodrigues,en,pt
961958278895828992,Fri Feb 09 13:41:40 +0000 2018,701345557923569665,à¸”à¸§à¸‡à¸”à¸²à¸§à¸§à¸²à¸§à¹à¸§à¸§à¸§à¸°à¸§à¸²à¸šà¹†,th,th
961958278862426114,Fri Feb 09 13:41:40 +0000 2018,715606052,TrendingStream,en,es
961958278858145792,Fri Feb 09 13:41:40 +0000 2018,1484802151,Peter Rands,en,en
961958278891585536,Fri Feb 09 13:41:40 +0000 2018,1386502885,í”¼í”¼,en,th
961958278874976256,Fri Feb 09 13:41:40 +0000 2018,778538138134319104,ğŸ”º ğŸ…·ğŸ…³ PORN VIDEOS ğŸ”º,nl,en
961958278870822914,Fri Feb 09 13:41:40 +0000 2018,2270612868,Wazz,sv,tl
961958278879117312,Fri Feb 09 13:41:40 +0000 2018,953622235473948672,Sevgi El,tr,et
961958278858027008,Fri Feb 09 13:41:40 +0000 2018,961564286496616448,êµ¬ ë‹˜,ko,ko
961958278879039488,Fri Feb 09 13:41:40 +0000 2018,757487899378003968,ãªã¤ã²ã“,ja,ja
961958278858182656,Fri Feb 09 13:41:40 +0000 2018,93038289,James Jackson,en,en
961958278858190848,Fri Feb 09 13:41:40 +0000 2018,349103517,Nawal,en,ar
961958278875025409,Fri Feb 09 13:41:40 +0000 2018,853800200,Luiza com Z,pt,pt
961958278891651072,Fri Feb 09 13:41:40 +0000 2018,905804219281694722,å±±ï¨‘èˆèŠ±,ja,ja
961958278862462976,Fri Feb 09 13:41:40 +0000 2018,1395404496,InÃªs âš«ï¸âšªï¸,pt,pt
961958278866534400,Fri Feb 09 13:41:40 +0000 2018,501076901,MERCAMÃ‰RICA.ES,es,es
961958278866628608,Fri Feb 09 13:41:40 +0000 2018,2741198074,abdou,fr,fr
961958278866485250,Fri Feb 09 13:41:40 +0000 2018,73625364,â˜…Memieâ€¢JIP'sâ˜…,en,th
961958278870765568,Fri Feb 09 13:41:40 +0000 2018,1318957796,........,en,ar
961958278879064065,Fri Feb 09 13:41:40 +0000 2018,412799182,ğŸ¨ğŸ€ğŸ§€,th,und
961958278891646978,Fri Feb 09 13:41:40 +0000 2018,877532889675472896,ì±„ë£¨ğŸŒ™,ja,ja
961958278891745280,Fri Feb 09 13:41:40 +0000 2018,1378024166,Hoffman Pacheco Gome,es,es
961958278874898433,Fri Feb 09 13:41:40 +0000 2018,2897006334,à¹€à¸¡à¸¢à¹Œà¸—à¸µà¹ˆà¸–à¸¹à¸à¸§à¸´à¸™à¸§à¸´à¸™à¸‹à¸·à¹‰à¸­à¹„à¸›à¹à¸¥à¹‰à¸§,th,th
961958283085996032,Fri Feb 09 13:41:41 +0000 2018,286529964,æœ‰æ²³ï¼ ä½•å‡¦,ja,ja
961958283056594950,Fri Feb 09 13:41:41 +0000 2018,814573165187735552,ã‚´ã‚¯ã‚Š@ğŸ™é ­ã®ä¸­ãŠèŠ±é™½ç•‘ğŸ™,ja,ja
961958283060830208,Fri Feb 09 13:41:41 +0000 2018,777100990407319554,ã‚ã•,ja,ja
961958283077545984,Fri Feb 09 13:41:41 +0000 2018,4921077840,ã‚ã•,ja,ja
961958283085955072,Fri Feb 09 13:41:41 +0000 2018,3299116830,ã‚†ãƒ¼ã‹(ç¥åƒ),en,ja
961958283069177856,Fri Feb 09 13:41:41 +0000 2018,918864582784950272,à¸—à¸²à¸‡à¸‚à¹‰à¸²à¸¡à¸£à¸±à¸à¸™à¹‰à¸­à¸‡à¸ˆà¸µà¸®à¸¸à¸™à¸¡à¸²à¸à¹†,en,th
961958283090083841,Fri Feb 09 13:41:41 +0000 2018,949147505538752512,ë² ë¦¬ğŸ’•,ko,ko
961958283052331008,Fri Feb 09 13:41:41 +0000 2018,1661307050,ìœ ì„±ìš°ğŸŒŒ,ko,ko
961958283073372160,Fri Feb 09 13:41:41 +0000 2018,701556966703779840,â™¡ireYâ™¡ #BADBOY,en,en
961958283085889536,Fri Feb 09 13:41:41 +0000 2018,735832062,Michael B,en,en
961958283056594944,Fri Feb 09 13:41:41 +0000 2018,4538335572,â„í‘¸ë¦‰â„[í˜„ìƒğŸ˜‚ğŸ”«],ko,ko
961958283077599233,Fri Feb 09 13:41:41 +0000 2018,4817219696,é»’æ°¸Ã—ã‚‚ã£ã‹ã‚“,ja,ja
961958283073413121,Fri Feb 09 13:41:41 +0000 2018,3072209605,æ°´æµï¼ˆã¤ã‚‹ï¼‰,ja,ja
961958283056619520,Fri Feb 09 13:41:41 +0000 2018,2383699752,ã‚†ã‚†,ja,ja
961958283060772864,Fri Feb 09 13:41:41 +0000 2018,4426105454,Tomrguez,es,es
961958283081760768,Fri Feb 09 13:41:41 +0000 2018,943062083859443712,ã• ã¤ ãğŸ.ğŸŸ.ğŸŠ.âš¾,ja,ja
961958283073343488,Fri Feb 09 13:41:41 +0000 2018,920606277406924806,ğŸ’œğŸŒ¼ë™ê·¸ë¼ë¯¸ğŸ°ğŸŒ¼ğŸ’œ,ko,ko
961958283056590848,Fri Feb 09 13:41:41 +0000 2018,1256763691,çˆç²è±†,ja,ja
961958283052384256,Fri Feb 09 13:41:41 +0000 2018,819110873092341760,kuanlinğŸ’›,th,th
961958283077607424,Fri Feb 09 13:41:41 +0000 2018,702811939861233664,ê¹€í•˜ì°Œ,ko,ko
961958283064918016,Fri Feb 09 13:41:41 +0000 2018,868118664377061376,gvì–‘ë„ê´ŒğŸ’šâ™¤êµ½ë§ˆë¯¸â™¤ğŸ’š,ko,ko
961958283060789248,Fri Feb 09 13:41:41 +0000 2018,4309352952,YG ğŸ”°note Rider,ja,ja
961958283090132992,Fri Feb 09 13:41:41 +0000 2018,944705590680477696,ãƒãƒ«ãƒãƒ­ğŸ‘ãƒ¢ãƒ¢ğŸ­ãƒŸãƒŠğŸ§,ja,ja
961958283060961285,Fri Feb 09 13:41:41 +0000 2018,3177272515,ğŸ‘½,en,en
961958283081691136,Fri Feb 09 13:41:41 +0000 2018,933536424959229952,hiro??,en,und
961958283069108224,Fri Feb 09 13:41:41 +0000 2018,3335346628,å¯§ã€…,ja,ja
961958283056680960,Fri Feb 09 13:41:41 +0000 2018,4258765072,MUNIRAâ·â·,ar,ar
961958283056627712,Fri Feb 09 13:41:41 +0000 2018,2366679313,ğŸ°SA-YAğŸ¦,ja,ko
961958283069263872,Fri Feb 09 13:41:41 +0000 2018,2568060523,BGMTNT,pt,pt
961958283077500928,Fri Feb 09 13:41:41 +0000 2018,2209847550,ê¿€ì²˜ëŸ¼ ê·€ì—½ë„¤ì—¬ ì˜¹ ğŸ¯,th,ko
961958283060932608,Fri Feb 09 13:41:41 +0000 2018,824587239615238144,Ø§Ù…ÙŠÙ† ÙŠØ§Ø³ÙŠÙ†,ar,ar
961958283065090048,Fri Feb 09 13:41:41 +0000 2018,486241296,MendaloDarat Updates,en,in
961958283073515520,Fri Feb 09 13:41:41 +0000 2018,847519149878325248,miss atomic bomb,pt,pt
961958283081932800,Fri Feb 09 13:41:41 +0000 2018,750235643683287040,lokol.com Kingston,en,en
961958283064983552,Fri Feb 09 13:41:41 +0000 2018,716231890974351364,ì§„,ko,ko
961958283060891649,Fri Feb 09 13:41:41 +0000 2018,835761086,glyn hansford,en,en
961958283056738304,Fri Feb 09 13:41:41 +0000 2018,926884081018777600,Ø¨ÙˆÙ„ÙŠÙ†ØŒğŸ’™,fr,in
961958283069313026,Fri Feb 09 13:41:41 +0000 2018,252947638,Mohammed Abdulrahman,en,ar
961958283052371968,Fri Feb 09 13:41:41 +0000 2018,541250609,ì¿¡ì¿¡,ko,ko
961958283052400640,Fri Feb 09 13:41:41 +0000 2018,164568327,å€‰æ©‹ å¯Œç¾å’Œ,ja,ja
961958283086098432,Fri Feb 09 13:41:41 +0000 2018,871038375549173760,AktiiV,de,und
961958283090300928,Fri Feb 09 13:41:41 +0000 2018,880577144618967040,Abo Ameer,ar,ar
961958283052494848,Fri Feb 09 13:41:41 +0000 2018,247747365,Câ™¥,es,es
961958283090173952,Fri Feb 09 13:41:41 +0000 2018,801558991,guy knoller,en,en
961958283090300929,Fri Feb 09 13:41:41 +0000 2018,935184883130957825,Ebu Hasan,tr,tr
961958283090317314,Fri Feb 09 13:41:41 +0000 2018,107022588,Juan Bardon,es,es
961958283077738498,Fri Feb 09 13:41:41 +0000 2018,787601384271126528,PornHubbingâ„¢ 50K,en,und
961958283056766977,Fri Feb 09 13:41:41 +0000 2018,1254731305,Capo,en,ar
961958283077615617,Fri Feb 09 13:41:41 +0000 2018,282395802,N04H4GU5TD,es,ko
961958283056697344,Fri Feb 09 13:41:41 +0000 2018,2363861042,ÙƒØ§Ø¨Ø´ØªÙŠÙ†Ùˆ â˜•,en,ar
961958283052433408,Fri Feb 09 13:41:41 +0000 2018,888555940147937281,ã„¹â™¡,ja,ja
961958283056766978,Fri Feb 09 13:41:41 +0000 2018,1562600388,James Mutinda,en,en
961958283077738497,Fri Feb 09 13:41:41 +0000 2018,788377631150510080,Eldaran,en,en
961958283056574464,Fri Feb 09 13:41:41 +0000 2018,913748740925566981,â‰‹    ã™ ãš,en,ja
961958283065118720,Fri Feb 09 13:41:41 +0000 2018,961918319849811969,SAKAT GALÄ°BAğŸ‘»,en,und
961958283090190336,Fri Feb 09 13:41:41 +0000 2018,927502326696312833,í† ë¼,ko,ko
961958283060940800,Fri Feb 09 13:41:41 +0000 2018,828127693501784064,ĞœiÑhĞ°el WĞ°gnerğŸ¸ğŸ’™,de,und
961958283090284549,Fri Feb 09 13:41:41 +0000 2018,2349264743,Peter Fowle,en,en
961958283090173953,Fri Feb 09 13:41:41 +0000 2018,817566576568217600,ãƒ”ï½ã¡ã‚ƒã‚“,ja,ja
961958287284453376,Fri Feb 09 13:41:42 +0000 2018,179498224,ã‚„ãã‚‰,ja,ja
961958287280283650,Fri Feb 09 13:41:42 +0000 2018,855969661929652224,ë£¨ëƒ,ko,ko
961958287255134209,Fri Feb 09 13:41:42 +0000 2018,338868863,kan,ja,ja
961958287276105728,Fri Feb 09 13:41:42 +0000 2018,1599107958,ã‚‚ã‚‹,ja,ja
961958287259312128,Fri Feb 09 13:41:42 +0000 2018,3733141278,~à¸—à¸²à¸ªà¸£à¸±à¸à¹‚à¸­à¸›à¹‰à¸²~,th,th
961958287284449287,Fri Feb 09 13:41:42 +0000 2018,476668052,ã……ã„¹ã…ã…ğŸ¥ğŸ‘,en,th
961958287280254976,Fri Feb 09 13:41:42 +0000 2018,473866077,[å­ç‹]ç¨²è·å±±ã‚³ãƒ³P,ja,ja
961958287246639104,Fri Feb 09 13:41:42 +0000 2018,3260918887,MusicPromos247,en,en
961958287267659777,Fri Feb 09 13:41:42 +0000 2018,2211682986,kimkai,th,th
961958287271866368,Fri Feb 09 13:41:42 +0000 2018,955480722449432576,ARMY_Chimmy,vi,en
961958287250993152,Fri Feb 09 13:41:42 +0000 2018,164137930,FLOW R10,pt,pt
961958287246635008,Fri Feb 09 13:41:42 +0000 2018,909416070418542592,ãªã½ã‚ŠãŸã‚“@ï¾˜ï¾˜ï½²ï¾ï¾å¤§é˜ª2ãƒ»SERVAMPæ˜¼,ja,ja
961958287259222016,Fri Feb 09 13:41:42 +0000 2018,880042245725986816,èµ¤äº• ç©‚é¦™,ja,ja
961958287284387840,Fri Feb 09 13:41:42 +0000 2018,850120540429758465,Kim Táº¡i HÆ°á»Ÿng,vi,ko
961958287255023617,Fri Feb 09 13:41:42 +0000 2018,832108234882240513,í•œ ê°€ë“,ko,ko
961958287250882560,Fri Feb 09 13:41:42 +0000 2018,4447214953,ImmortalPablo,en,en
961958287271870464,Fri Feb 09 13:41:42 +0000 2018,168344952,deasy indah,en,en
961958287271854081,Fri Feb 09 13:41:42 +0000 2018,904922363036176384,naico,ja,ja
961958287246737408,Fri Feb 09 13:41:42 +0000 2018,812483376170995712,ë‚˜  ì¸ ğŸ»,ko,ko
961958287271854080,Fri Feb 09 13:41:42 +0000 2018,746879901525905408,íì—‰,ko,ko
961958287250939905,Fri Feb 09 13:41:42 +0000 2018,909241022240014336,nnm,ja,ja
961958287263522817,Fri Feb 09 13:41:42 +0000 2018,918108859817795584,à¸ªà¸²à¸¢à¹„à¸«à¸¡,th,th
961958287259283456,Fri Feb 09 13:41:42 +0000 2018,913579507553992704,Bell,en,en
961958287246704640,Fri Feb 09 13:41:42 +0000 2018,794832830794579968,ç™½é›ª,ja,ja
961958287250894849,Fri Feb 09 13:41:42 +0000 2018,860778234148868096,ë‘¥ê¹…,ko,en
961958287246639105,Fri Feb 09 13:41:42 +0000 2018,922063001846349824,í•˜ìš”,ko,ko
961958287272005633,Fri Feb 09 13:41:42 +0000 2018,911487869914681344,Nina,ro,ro
961958287280361472,Fri Feb 09 13:41:42 +0000 2018,1477474614,Ø´Ù‡Ø¯ğŸ‡ªğŸ‡¸,ar,ar
961958287271964672,Fri Feb 09 13:41:42 +0000 2018,845976084407635968,S-N-O-V-I,en,und
961958287276064770,Fri Feb 09 13:41:42 +0000 2018,127184962,GIUGNO 6ì›”,ko,ko
961958287271911425,Fri Feb 09 13:41:42 +0000 2018,951089635714723841,à¸ˆà¸­à¸¡à¸¡à¸²à¸£à¸£à¸µà¸—à¸§à¸´à¸•,en,und
961958287280238595,Fri Feb 09 13:41:42 +0000 2018,735018721232588800,ğŸ’§ í˜¸ìˆ˜ ğŸ™ŒğŸ»,ko,ko
961958287263584256,Fri Feb 09 13:41:42 +0000 2018,789841817114206208,ğŸ‡ªğŸ‡¬Ø¨Ø­Ø¨Ùƒ ÙŠØ§ Ù…ØµØ± ğŸ‡ªğŸ‡¬,ar,ar
961958287255265280,Fri Feb 09 13:41:42 +0000 2018,812843553466490884,rusty,en,und
961958287259389952,Fri Feb 09 13:41:42 +0000 2018,852147404946145280,Ø±ÙˆÙ†Ù‘Ù€Ø¯ Ø³Ø¹ÙÙˆØ¯ .,en,ar
961958287246745601,Fri Feb 09 13:41:42 +0000 2018,2984636286,yoonkook_sk,en,en
961958287267655680,Fri Feb 09 13:41:42 +0000 2018,949442716730933248,ã‚ã‚Šã‚„ã¾  è‰æ„›((ä½æµ®ä¸Š,en,ja
961958287259459584,Fri Feb 09 13:41:42 +0000 2018,2746594536,Jawad Ahmad,en,en
961958287246811136,Fri Feb 09 13:41:42 +0000 2018,818089684349947904,Katharina,de,en
961958287263567877,Fri Feb 09 13:41:42 +0000 2018,242503030,á´¹á´µá´¿á´¬á´ºá´°á´¼ ğŸ— âšœï¸ ğŸ±â™¥Æ¸Ì´ÓÌ´Æ·,es,und
961958287259439104,Fri Feb 09 13:41:42 +0000 2018,887887432321859585,èŠ¸èƒ½ã¾ã¨ã‚ãƒ‹ãƒ¥ãƒ¼ã‚¹,ja,ja
961958287284625409,Fri Feb 09 13:41:42 +0000 2018,955763920790159361,Kanchan Singh,en,hi
961958287276236801,Fri Feb 09 13:41:42 +0000 2018,2228560403,Migz,en,en
961958287280238592,Fri Feb 09 13:41:42 +0000 2018,900445759,pol,th,ko
961958287255228416,Fri Feb 09 13:41:42 +0000 2018,161389711,ğŸ€â˜˜ğŸŒ¿Justyn,pl,pl
961958287263576064,Fri Feb 09 13:41:42 +0000 2018,118360232,alessia,en,it
961958287284453377,Fri Feb 09 13:41:42 +0000 2018,924600927054577666,ë¶•ì–´ë¹µ(ë¥˜ìƒ¤)16ì¼ ë’¤--,ko,und
961958287255236608,Fri Feb 09 13:41:42 +0000 2018,900053112861450241,AbbyğŸ’œBTS,pt,pt
961958291441041408,Fri Feb 09 13:41:43 +0000 2018,959460402479312896,ë ˆì´í¬,ko,ko
961958291461976065,Fri Feb 09 13:41:43 +0000 2018,264340248,â†èŠ­ç¶½,ja,ja
961958291461951489,Fri Feb 09 13:41:43 +0000 2018,840071654801735680,ã‹ã®,ja,ja
961958291466215425,Fri Feb 09 13:41:43 +0000 2018,576532761,Daniele Caso,it,it
961958291449380864,Fri Feb 09 13:41:43 +0000 2018,875286319517253632,BeBe ğŸ˜„,en,tl
961958291470393344,Fri Feb 09 13:41:43 +0000 2018,955047031621402625,ã‚¢ãƒ«ã‚¹@fgo,ja,ja
961958291440943105,Fri Feb 09 13:41:43 +0000 2018,151833706,ã¾ãã¯ã‚‰,ja,ja
961958291478790146,Fri Feb 09 13:41:43 +0000 2018,4756897033,ê·€ë†ì¤‘ ë§ì’œ,ko,ko
961958291474563072,Fri Feb 09 13:41:43 +0000 2018,2566978634,à¸™à¸°à¸›à¸°à¸¡à¸™ğŸ–¤,th,th
961958291461951488,Fri Feb 09 13:41:43 +0000 2018,1387018620,ã¿ã‚…ãƒ¼ã‚€,ja,ja
961958291445186560,Fri Feb 09 13:41:43 +0000 2018,961653824594231296,Jahnavi Tarak,en,en
961958291470299137,Fri Feb 09 13:41:43 +0000 2018,826783855717740544,æ€ æƒ°ã®å°‘å¹´ tomopi,ja,und
961958291445186561,Fri Feb 09 13:41:43 +0000 2018,769433545676763136,æ¥ãƒ•ãƒ¼ã‚´,ja,ja
961958291461963776,Fri Feb 09 13:41:43 +0000 2018,1358326712,ì€ë°œê°œì£»ìŒğŸŒ¼ğŸ”«,ko,ko
961958291449331712,Fri Feb 09 13:41:43 +0000 2018,909094399983759360,156CMâ›…ï¸,th,und
961958291470340097,Fri Feb 09 13:41:43 +0000 2018,953089086624903168,Neni0912,id,ko
961958291478892544,Fri Feb 09 13:41:43 +0000 2018,848651061581799424,pil menendez,es,en
961958291461951490,Fri Feb 09 13:41:43 +0000 2018,901490727300943874,ãŠã“ã’,ja,ja
961958291466158080,Fri Feb 09 13:41:43 +0000 2018,257893870,ã“ã”ã‚ãƒ¼@PBWäººï¼ˆICï¼šã‚­ãƒ¼ãƒ©  ï¼‰,ja,ja
961958291440943104,Fri Feb 09 13:41:43 +0000 2018,1640574787,ãƒ›ãƒ¼ãƒ ã‚ºã®å¼Ÿå­è¦‹ç¿’ã„,ja,ja
961958291462021125,Fri Feb 09 13:41:43 +0000 2018,914408722146910208,ê³µë“€ê²½ë“€,ko,ko
961958291461976064,Fri Feb 09 13:41:43 +0000 2018,547528829,ã‚¤ã‚±ãƒ€è¥¿ç“œ,ja,ja
961958291478843392,Fri Feb 09 13:41:43 +0000 2018,712415164851617793,ğŸ”´ğŸ”´Gunner4LifeğŸ”´ğŸ”´,en,en
961958291453698048,Fri Feb 09 13:41:43 +0000 2018,700823578367946752,Shehana,ar,ar
961958291453726720,Fri Feb 09 13:41:43 +0000 2018,1145240773,MamieProut,fr,fr
961958291478900736,Fri Feb 09 13:41:43 +0000 2018,953615473,Ø£Ù…Ù„ Ø§Ù„Ø¹ØªÙŠØ¨ÙŠØ›,ar,ar
961958291470348289,Fri Feb 09 13:41:43 +0000 2018,918767629006860288,saà¸‹à¸¶à¸¡ || à¹ƒà¸à¸¥à¹‰à¸Šà¸´à¸”à¸•à¸´à¸”à¸•à¸¹à¹‰à¹€à¸¢à¹‡à¸™,th,th
961958291462115329,Fri Feb 09 13:41:43 +0000 2018,961958187531464704,Feyzullah Ceylan,tr,tr
961958291462074369,Fri Feb 09 13:41:43 +0000 2018,596891708,Juanita Florecita,en,es
961958291457880064,Fri Feb 09 13:41:43 +0000 2018,66029843,Tony Twoplates,en,en
961958291449491456,Fri Feb 09 13:41:43 +0000 2018,1578571687,matthis hernandez,fr,fr
961958291474612225,Fri Feb 09 13:41:43 +0000 2018,1101706778,Tamaraâ™ˆExpensive,es,es
961958291453759488,Fri Feb 09 13:41:43 +0000 2018,899002278132277248,FC Gaby Haviaras Oficial,pt,pt
961958291457921024,Fri Feb 09 13:41:43 +0000 2018,585671537,Nwaar âœŠğŸ”¥ğŸ”¥,fr,fr
961958291462012929,Fri Feb 09 13:41:43 +0000 2018,751425595456708609,âœ¨[407]ë³„ë¹›âœ¨,ko,ko
961958291478691840,Fri Feb 09 13:41:43 +0000 2018,944509344552382465,(ë°˜ë™ê²°)ë‘í•´,ko,ko
